,sender,freq,words
0,1,1,3
1,5,2,43
2,39,6,1668
3,41,5,965
4,118,8,2618
5,157,1,335
6,162,1,387
7,167,2,876
8,235,1,309
9,324,13,5046
10,333,1,316
11,387,1,206
12,444,1,58
13,448,1,70
14,960,1,10
15,962,5,90
16,963,5,1025
17,967,1,136
18,968,10,685
19,969,7,127
20,971,3,62
21,972,7,485
22,974,1,100
23,975,6,118
24,976,2,61
25,977,5,298
26,983,10,483
27,984,1,11
28,985,2,103
29,986,4,620
30,987,9,261
31,988,2,115
32,989,3,562
33,992,3,187
34,993,1,241
35,994,12,353
36,995,13,974
37,996,6,333
38,997,12,1452
39,998,7,370
40,1000,3,189
41,1092,3,465
42,1093,3,140
43,1094,7,323
44,1095,6,397
45,1096,6,235
46,1097,4,667
47,1098,2,317
48,1100,3,257
49,1101,6,24
50,1102,3,471
51,1103,6,409
52,1104,6,126
53,1107,4,36
54,1115,1,92
55,1139,9,174
56,1241,17,1156
57,1242,14,1121
58,1243,14,185
59,1244,10,859
60,1245,1,17
61,1247,2,50
62,1248,10,365
63,1249,1,11
64,1250,6,134
65,1251,6,157
66,1252,5,898
67,1253,14,1608
68,1254,8,1169
69,1255,5,147
70,1256,4,3062
71,1257,6,349
72,1259,2,62
73,1260,10,667
74,1262,2,484
75,1263,6,218
76,1411,7,876
77,1412,1,218
78,1413,3,26
79,1414,5,751
80,1415,4,600
81,1416,6,324
82,1425,14,4637
83,1439,10,2069
84,1506,2,172
85,1507,1,33
86,1512,6,102
87,1566,1,5
88,1634,1,4
89,1645,1,31
90,1690,3,16
91,1693,8,180
92,1694,2,703
93,1695,17,622
94,1696,4,401
95,1698,5,113
96,1699,3,189
97,1700,7,351
98,1701,2,385
99,1702,9,308
100,1703,12,143
101,1705,2,82
102,1773,4,137
103,1871,1,42
104,1953,6,408
105,1984,1,290
106,1993,14,5019
107,2006,1,2
108,2031,1,20
109,2032,6,1300
110,2114,2,85
111,2121,2,236
112,2202,2,303
113,2207,1,48
114,2265,9,337
115,2336,19,924
116,2468,13,850
117,2469,6,2815
118,2498,2,359
119,2501,1,63
120,2789,4,801
121,2822,4,43
122,3327,1,264
123,3636,1,140
124,3826,1,7
125,3973,2,15
126,3987,1,314
127,3989,1,48
128,3998,1,312
129,4019,2,417
130,4045,1,258
131,5292,1,9
132,5717,2,331
133,6150,1,451
134,6269,25,1984
135,6527,2,178
136,6573,1,2760
137,6687,3,1423
138,6688,3,934
139,6689,3,1020
140,6693,3,298
141,6694,4,1244
142,6696,4,785
143,6699,5,1192
144,6700,3,1202
145,6846,1,29
146,6899,1,66
147,7215,3,749
148,7297,4,1662
149,7686,4,432
150,8118,1,187
151,8215,3,748
152,8216,1,10
153,8244,1,278
154,8246,2,35
155,8248,23,2263
156,8267,9,197
157,8269,1,18
158,8270,3,842
159,8272,2,38
160,8273,3,186
161,8277,1,91
162,8283,1,41
163,8286,1,287
164,8290,1,223
165,8295,1,280
166,8298,1,332
167,8300,2,66
168,8340,1,228
169,8343,1,449
170,8366,1,44
171,8370,1,2
172,8419,1,318
173,8456,1,290
174,8472,1,4
175,8747,1,80
176,8748,11,787
177,8749,2,172
178,8751,7,697
179,8766,4,189
180,8767,1,20
181,8768,2,4
182,8769,9,268
183,8770,17,344
184,8771,3,343
185,8772,17,320
186,8773,4,170
187,8774,6,75
188,8775,1,98
189,8776,2,323
190,8777,8,444
191,8778,6,212
192,8779,6,304
193,8780,11,143
194,9017,5,2339
195,9057,6,1275
196,9059,4,1122
197,9109,1,332
198,9141,2,131
199,9171,1,77
200,9381,15,473
201,9383,16,572
202,9385,13,718
203,9386,1,69
204,9387,10,481
205,9412,1,14
206,9440,3,18
207,9441,9,163
208,9442,2,154
209,9443,1,106
210,9444,6,304
211,9445,2,72
212,9446,4,98
213,9447,8,276
214,9448,3,51
215,9449,1,214
216,9450,3,237
217,9453,7,125
218,9466,1,41
219,9468,10,735
220,9470,8,124
221,9471,1,436
222,9485,1,234
223,9489,7,157
224,9503,20,691
225,9504,4,465
226,9505,2,198
227,9508,3,283
228,9509,1,45
229,9513,1,22
230,9515,9,488
231,9516,8,521
232,9517,4,495
233,9524,12,334
234,9533,12,591
235,9536,5,355
236,9538,2,377
237,9539,2,83
238,9541,6,357
239,9562,1,123
240,9563,3,74
241,9575,8,547
242,9580,7,498
243,9583,16,785
244,9585,1,4
245,9586,7,283
246,9610,3,281
247,9624,18,711
248,9625,15,430
249,9626,7,58
250,9627,11,349
251,9628,2,242
252,9629,13,591
253,9630,4,847
254,9632,7,268
255,9633,9,130
256,9635,5,99
257,9636,9,310
258,9637,12,249
259,9639,8,410
260,9641,6,133
261,9642,3,64
262,9643,11,941
263,9645,24,845
264,9646,10,284
265,9647,12,1687
266,9648,11,299
267,9712,6,1058
268,9756,11,250
269,9761,10,423
270,9770,2,230
271,9786,4,419
272,9787,23,556
273,9788,6,425
274,9789,22,700
275,9790,34,1189
276,9791,2,41
277,9792,16,608
278,9793,1,128
279,9794,22,2283
280,9795,1,22
281,9796,23,396
282,9798,10,203
283,9799,22,2354
284,9800,5,747
285,9801,19,418
286,9802,14,360
287,9804,5,313
288,9805,5,119
289,9806,2,92
290,9807,14,444
291,9808,14,220
292,9835,7,4802
293,9847,1,86
294,9849,3,85
295,9850,7,170
296,9852,2,17
297,9853,1,22
298,9855,10,477
299,9857,2,159
300,9858,1,23
301,9860,11,319
302,9861,3,86
303,9863,14,441
304,9868,5,89
305,9871,1,32
306,9872,4,74
307,9875,1,19
308,9880,1,21
309,9881,1,62
310,9882,3,154
311,9884,1,46
312,9885,6,182
313,9887,1,156
314,9890,1,71
315,9892,6,238
316,9893,17,320
317,9894,1,2
318,9896,1,92
319,9897,6,451
320,9898,1,308
321,9899,19,1003
322,9900,22,485
323,9901,1,2
324,9905,16,1066
325,9906,5,89
326,9907,6,273
327,9908,7,172
328,9909,6,294
329,9910,1,32
330,9911,6,261
331,9912,1,17
332,9913,4,215
333,9915,8,406
334,9916,2,192
335,9918,3,77
336,9919,12,854
337,9920,8,1388
338,9921,7,349
339,9922,6,293
340,9923,8,115
341,9925,8,397
342,9926,16,1367
343,9931,1,5
344,9932,2,163
345,9934,3,140
346,9939,2,28
347,9944,4,116
348,9945,16,890
349,9946,1,48
350,9947,4,110
351,9948,13,1145
352,9950,2,88
353,9951,4,180
354,9954,1,2
355,9956,2,42
356,9958,2,63
357,9959,9,305
358,9960,1,36
359,9961,9,182
360,9964,2,42
361,9965,9,235
362,9966,7,178
363,9968,2,116
364,9973,5,202
365,9979,1,29
366,9981,7,179
367,9983,2,52
368,9984,5,172
369,9985,2,62
370,9992,1,6
371,9995,1,85
372,9996,1,26
373,10001,2,436
374,10002,2,50
375,10003,2,91
376,10004,9,319
377,10005,8,188
378,10006,2,58
379,10007,4,63
380,10008,5,65
381,10009,10,446
382,10010,1,22
383,10011,11,294
384,10012,10,612
385,10013,11,560
386,10014,13,2100
387,10016,6,304
388,10017,5,189
389,10018,8,452
390,10019,10,694
391,10020,5,172
392,10021,1,139
393,10022,2,35
394,10023,7,128
395,10024,6,392
396,10025,1,32
397,10026,3,125
398,10027,9,280
399,10030,7,117
400,10031,1,60
401,10034,2,31
402,10039,2,86
403,10047,1,5
404,10048,5,147
405,10049,1,30
406,10051,2,55
407,10052,1,59
408,10053,1,36
409,10054,2,22
410,10061,4,192
411,10065,1,18
412,10070,4,167
413,10071,2,119
414,10073,11,433
415,10075,6,92
416,10076,1,18
417,10077,1,107
418,10078,5,115
419,10081,1,416
420,10083,8,482
421,10084,2,65
422,10087,1,71
423,10088,8,265
424,10089,2,29
425,10092,7,341
426,10093,4,99
427,10096,1,38
428,10097,11,356
429,10100,8,177
430,10101,4,68
431,10102,1,129
432,10103,7,258
433,10104,2,43
434,10105,1,35
435,10107,13,226
436,10108,6,720
437,10109,1,40
438,10115,2,216
439,10116,2,13
440,10122,4,1942
441,10124,1,37
442,10125,10,573
443,10134,5,123
444,10135,1,30
445,10137,1,69
446,10140,5,220
447,10145,4,12
448,10147,13,268
449,10149,7,890
450,10150,2,22
451,10151,14,348
452,10152,2,571
453,10155,1,19
454,10157,2,87
455,10214,2,1268
456,10216,1,26
457,10226,1,10
458,10238,9,462
459,10239,14,306
460,10240,1,110
461,10242,2,194
462,10253,6,1382
463,10255,1,157
464,10258,1,37
465,10265,4,202
466,10267,1,53
467,10268,2,58
468,10270,1,3
469,10275,2,28
470,10277,3,110
471,10293,1,53
472,10298,2,25
473,10299,2,184
474,10308,6,299
475,10311,1,6
476,10312,1,83
477,10316,1,5
478,10319,1,69
479,10322,1,45
480,10325,1,134
481,10326,4,1569
482,10327,2,559
483,10328,8,952
484,10329,3,152
485,10330,1,172
486,10331,3,184
487,10333,1,24
488,10334,3,232
489,10335,2,217
490,10336,5,77
491,10339,2,127
492,10343,1,119
493,10349,1,34
494,10351,3,80
495,10352,1,60
496,10403,2,163
497,10404,1,446
498,10405,1,9
499,10407,4,739
500,10408,3,62
501,10409,6,204
502,10410,1,256
503,10411,1,16
504,10415,2,247
505,10416,1,2
506,10418,1,188
507,10420,5,211
508,10426,1,105
509,10427,2,38
510,10433,1,142
511,10434,2,62
512,10445,12,270
513,10456,1,2
514,10458,2,42
515,10459,1,23
516,10460,2,446
517,10477,7,315
518,10478,1,58
519,10479,15,514
520,10480,1,127
521,10481,4,126
522,10482,1,153
523,10483,5,86
524,10484,3,220
525,10486,2,123
526,10487,2,40
527,10488,15,868
528,10489,4,121
529,10490,2,6
530,10491,1,9
531,10492,2,47
532,10493,1,261
533,10494,14,206
534,10495,3,80
535,10496,2,37
536,10497,6,68
537,10498,1,22
538,10500,2,39
539,10501,1,145
540,10504,1,72
541,10505,5,133
542,10506,1,2
543,10514,1,38
544,10515,4,213
545,10519,2,39
546,10520,2,62
547,10531,4,141
548,10532,7,452
549,10539,2,159
550,10541,1,65
551,10544,1,201
552,10549,1,336
553,10550,15,862
554,10556,1,87
555,10560,1,381
556,10604,9,275
557,10605,5,232
558,10612,4,35
559,10620,13,1905
560,10623,9,479
561,10624,7,298
562,10626,18,827
563,10627,2,302
564,10628,1,348
565,10629,9,724
566,10631,10,2031
567,10632,2,253
568,10633,6,659
569,10634,2,431
570,10635,5,479
571,10638,1,505
572,10644,8,556
573,10645,5,373
574,10646,12,607
575,10648,3,138
576,10650,2,131
577,10652,11,409
578,10653,3,477
579,10654,3,77
580,10657,2,100
581,10659,3,123
582,10661,10,728
583,10662,4,80
584,10665,6,358
585,10668,13,1001
586,10682,16,3125
587,10684,3,2063
588,10688,12,2783
589,10690,7,562
590,10692,15,2125
591,10693,4,437
592,10695,4,491
593,10696,2,49
594,10697,11,1934
595,10698,15,805
596,10700,2,51
597,10702,6,1783
598,10703,1,109
599,10705,1,214
600,10707,6,364
601,10708,2,407
602,10709,8,1015
603,10710,3,1545
604,10711,5,577
605,10712,6,806
606,10713,4,2091
607,10714,4,1504
608,10715,1,693
609,10716,1,455
610,10717,5,59
611,10718,5,338
612,10719,5,1581
613,10720,6,589
614,10722,12,2879
615,10723,15,661
616,10724,3,43
617,10725,2,262
618,10726,1,609
619,10727,2,136
620,10728,4,1518
621,10731,11,2353
622,10734,9,2148
623,10735,10,7571
624,10736,7,399
625,10737,3,1538
626,10738,2,73
627,10739,8,832
628,10740,8,229
629,10764,4,53
630,10771,18,138
631,10772,3,291
632,10773,2,143
633,10774,2,347
634,10775,8,514
635,10776,2,464
636,10777,11,1332
637,10778,6,584
638,10779,3,115
639,10780,1,11
640,10781,13,2486
641,10782,4,550
642,10783,6,381
643,10785,5,520
644,10786,2,53
645,10793,6,770
646,10826,6,66
647,10829,7,210
648,10835,4,66
649,10839,1,12
650,10845,1,151
651,10846,1,29
652,10853,2,139
653,10865,2,1156
654,10906,2,34
655,10911,3,452
656,10913,1,72
657,10915,16,2615
658,10916,1,4
659,10918,2,44
660,10919,10,1139
661,10945,3,258
662,10952,6,110
663,10954,2,116
664,10960,2,355
665,11006,2,271
666,11008,19,1252
667,11009,8,430
668,11010,2,125
669,11013,1,7
670,11014,2,141
671,11017,2,45
672,11018,17,2716
673,11019,1,217
674,11021,3,95
675,11022,7,197
676,11025,1,3
677,11026,1,101
678,11027,3,57
679,11028,3,136
680,11031,1,49
681,11034,10,922
682,11035,5,504
683,11036,2,10
684,11053,1,12
685,11060,1,80
686,11063,3,44
687,11065,1,211
688,11067,5,476
689,11075,5,205
690,11123,6,238
691,11124,8,435
692,11126,9,597
693,11131,1,184
694,11133,1,14
695,11138,6,277
696,11140,11,419
697,11155,1,217
698,11159,1,18
699,11160,1,18
700,11172,14,572
701,11173,1,61
702,11175,1,101
703,11179,1,16
704,11189,8,142
705,11190,1,201
706,11196,2,176
707,11199,4,305
708,11228,1,739
709,11235,9,1140
710,11268,5,233
711,11269,17,1117
712,11303,8,262
713,11304,3,416
714,11306,12,342
715,11307,8,281
716,11311,9,390
717,11314,2,186
718,11317,3,56
719,11319,7,421
720,11325,3,279
721,11359,5,137
722,11362,11,2006
723,11367,9,1057
724,11368,1,103
725,11369,4,429
726,11374,5,208
727,11375,3,64
728,11377,18,979
729,11378,11,250
730,11380,35,1281
731,11382,14,418
732,11384,9,736
733,11385,4,561
734,11390,21,695
735,11391,2,168
736,11392,1,71
737,11393,2,101
738,11395,1,253
739,11397,11,909
740,11398,5,402
741,11408,2,7
742,11409,2,347
743,11410,17,715
744,11411,7,1117
745,11413,2,10
746,11414,5,111
747,11417,1,63
748,11418,14,599
749,11419,3,736
750,11420,4,333
751,11424,20,395
752,11426,1,19
753,11434,6,1846
754,11435,8,598
755,11438,9,278
756,11451,1,356
757,11475,1,825
758,11477,4,100
759,11479,7,142
760,11480,3,13
761,11483,1,5
762,11484,1,80
763,11485,3,17
764,11486,3,36
765,11487,2,383
766,11490,1,16
767,11491,2,43
768,11494,1,20
769,11495,2,25
770,11503,1,21
771,11539,8,680
772,11546,3,160
773,11549,3,44
774,11558,3,47
775,11561,1,28
776,11601,1,2
777,11604,1,79
778,11605,1,17
779,11607,1,14
780,11608,1,31
781,11610,7,547
782,11612,2,211
783,11726,1,851
784,11772,1,317
785,11840,1,373
786,11860,2,44
787,11964,12,187
788,12052,1,257
789,12054,3,192
790,12055,1,5
791,12057,2,663
792,12063,1,25
793,12141,4,115
794,12278,5,60
795,12279,3,41
796,12284,5,273
797,12341,12,2597
798,12342,13,343
799,12343,1,18
800,12344,2,55
801,12345,2,1403
802,12346,2,267
803,12384,1,78
804,12480,2,55
805,12511,26,814
806,12512,15,188
807,12688,1,3
808,12705,1,321
809,12717,1,105
810,12739,3,446
811,12815,2,111
812,13038,2,169
813,13196,4,144
814,13237,2,1769
815,13241,8,290
816,13254,3,1608
817,13350,2,998
818,13368,2,486
819,13422,3,326
820,13477,2,278
821,13542,8,417
822,13712,2,490
823,13750,1,9
824,13824,2,43
825,13838,1,7
826,13842,2,28
827,13866,7,6036
828,13902,2,98
829,13935,3,87
830,13979,1,2
831,14001,1,1153
832,14040,1,5
833,14041,1,215
834,14043,1,33
835,14066,2,244
836,14078,1,45
837,14090,1,162
838,14105,1,68
839,14141,1,339
840,14181,6,67
841,14189,3,7
842,14192,1,3
843,14199,1,18
844,14204,1,7
845,14215,2,378
846,14217,4,163
847,14264,1,2
848,14274,1,82
849,14305,13,892
850,14414,3,313
851,14418,4,122
852,14449,2,33
853,14451,7,88
854,14452,1,18
855,14454,5,180
856,14473,2,28
857,14482,2,29
858,14496,2,39
859,14497,1,239
860,14535,1,498
861,14547,1,347
862,14612,1,19
863,14680,1,342
864,14685,3,453
865,14696,6,937
866,14716,1,100
867,14750,1,81
868,14765,1,397
869,14825,1,73
870,14827,1,400
871,14855,2,356
872,14856,2,394
873,14857,1,9
874,14858,2,71
875,14860,2,96
876,14866,1,83
877,14886,2,217
878,14895,1,89
879,14907,2,113
880,14918,10,169
881,14919,3,49
882,14921,4,61
883,14924,1,6
884,14925,6,112
885,14927,6,69
886,14943,1,176
887,14945,3,639
888,15004,1,518
889,15025,2,309
890,15035,2,59
891,15067,1,281
892,15110,2,510
893,15141,2,158
894,15149,14,840
895,15157,2,53
896,15164,1,271
897,15180,1,274
898,15231,1,43
899,15232,1,175
900,15262,3,426
901,15278,1,92
902,15282,2,467
903,15303,2,202
904,15317,1,829
905,15422,3,810
906,15431,1,428
907,15441,1,120
908,15492,9,67
909,15510,1,78
910,15518,1,673
911,15522,1,277
912,15547,13,7030
913,15550,1,384
914,15579,1,13
915,15580,2,40
916,15587,11,9340
917,15593,1,59
918,15595,2,168
919,15600,1,22
920,15606,2,1011
921,15609,1,85
922,15623,2,167
923,15628,1,11
924,15640,5,625
925,15674,1,2
926,15705,2,132
927,15713,4,61
928,15727,5,6024
929,15736,2,11
930,15743,5,217
931,15783,2,2218
932,15793,2,147
933,15798,6,147
934,15799,5,186
935,15801,2,186
936,15816,3,733
937,15857,5,755
938,15907,1,370
939,15913,2,13
940,15929,4,83
941,15980,2,1908
942,16008,1,94
943,16023,2,117
944,16040,1,399
945,16066,1,25
946,16075,1,68
947,16076,1,77
948,16086,3,223
949,16088,1,2
950,16101,2,259
951,16108,1,204
952,16110,2,4
953,16123,1,89
954,16124,1,494
955,16136,1,217
956,16158,5,454
957,16169,3,832
958,16181,2,106
959,16182,1,53
960,16184,2,404
961,16187,4,229
962,16197,1,4
963,16216,1,67
964,16236,1,48
965,16269,7,6758
966,16281,1,104
967,16284,1,127
968,16285,3,55
969,16287,3,7
970,16293,2,32
971,16294,1,176
972,16297,2,60
973,16312,1,232
974,16314,4,95
975,16315,2,12
976,16317,3,291
977,16322,5,200
978,16326,1,24
979,16328,1,3
980,16329,1,5
981,16330,1,19
982,16336,2,13
983,16337,2,25
984,16338,4,344
985,16342,4,55
986,16352,1,460
987,16354,2,268
988,16356,4,971
989,16359,1,313
990,16362,1,467
991,16364,3,823
992,16369,1,26
993,16373,7,493
994,16374,37,1549
995,16376,19,1915
996,16377,2,154
997,16378,6,680
998,16380,7,85
999,16381,11,330
1000,16382,35,3316
1001,16383,28,4048
1002,16384,14,268
1003,16385,11,580
1004,16386,2,349
1005,16387,6,221
1006,16388,6,376
1007,16389,7,239
1008,16390,24,2126
1009,16391,6,127
1010,16392,27,1676
1011,16393,8,427
1012,16403,1,15
1013,16409,1,147
1014,16410,5,463
1015,16413,1,99
1016,16415,1,85
1017,16418,4,30
1018,16420,7,351
1019,16421,4,1066
1020,16434,2,837
1021,16441,10,1856
1022,16442,7,111
1023,16443,19,242
1024,16444,2,64
1025,16445,27,472
1026,16446,9,333
1027,16447,5,161
1028,16448,12,1804
1029,16450,3,60
1030,16451,6,356
1031,16452,8,143
1032,16453,18,992
1033,16454,23,1673
1034,16456,16,1038
1035,16460,8,105
1036,16464,4,32
1037,16465,7,146
1038,16466,3,84
1039,16467,1,42
1040,16468,4,138
1041,16469,4,310
1042,16470,3,102
1043,16471,8,285
1044,16472,1,2
1045,16474,35,737
1046,16475,2,24
1047,16476,3,26
1048,16477,1,7
1049,16478,1,25
1050,16479,10,312
1051,16480,10,300
1052,16481,7,51
1053,16500,15,259
1054,16501,1,36
1055,16503,16,392
1056,16504,34,1201
1057,16505,25,545
1058,16506,6,204
1059,16507,10,173
1060,16508,23,290
1061,16509,4,174
1062,16510,13,303
1063,16512,2,155
1064,16513,7,65
1065,16514,9,101
1066,16515,18,494
1067,16516,18,598
1068,16517,14,234
1069,16518,11,350
1070,16521,6,351
1071,16522,2,34
1072,16523,1,281
1073,16531,7,331
1074,16532,6,191
1075,16533,3,52
1076,16534,2,145
1077,16535,2,50
1078,16536,7,339
1079,16537,6,1137
1080,16538,3,68
1081,16540,2,22
1082,16541,4,98
1083,16542,4,349
1084,16544,6,210
1085,16545,3,50
1086,16546,18,1733
1087,16547,34,2290
1088,16548,5,159
1089,16550,2,210
1090,16551,1,3
1091,16552,12,443
1092,16555,5,281
1093,16556,5,274
1094,16557,8,77
1095,16558,6,101
1096,16559,4,73
1097,16560,4,313
1098,16561,17,549
1099,16562,3,84
1100,16563,8,182
1101,16564,3,86
1102,16565,3,115
1103,16566,1,86
1104,16567,5,331
1105,16570,4,111
1106,16571,1,14
1107,16572,4,33
1108,16573,4,122
1109,16576,2,172
1110,16589,1,64
1111,16602,12,506
1112,16603,3,80
1113,16604,10,296
1114,16605,6,509
1115,16606,2,8
1116,16607,4,45
1117,16609,4,119
1118,16610,5,102
1119,16611,11,276
1120,16612,3,90
1121,16613,20,2266
1122,16614,3,28
1123,16615,3,116
1124,16616,2,86
1125,16617,5,139
1126,16618,5,211
1127,16619,2,64
1128,16620,3,189
1129,16621,8,246
1130,16623,5,78
1131,16627,2,525
1132,16628,1,10
1133,16629,5,300
1134,16630,2,186
1135,16631,9,196
1136,16632,13,261
1137,16638,7,191
1138,16639,16,841
1139,16640,7,81
1140,16641,30,1740
1141,16642,10,206
1142,16643,22,489
1143,16644,12,226
1144,16645,33,1023
1145,16646,8,169
1146,16648,1,71
1147,16649,5,58
1148,16650,33,3351
1149,16651,1,75
1150,16652,10,147
1151,16653,23,222
1152,16654,30,580
1153,16655,3,60
1154,16656,3,57
1155,16663,17,350
1156,16722,6,565
1157,16785,2,160
1158,16798,4,1693
1159,16822,1,2
1160,16912,1,53
1161,16914,1,110
1162,16916,3,25
1163,16918,6,263
1164,16921,1,40
1165,16922,1,209
1166,16923,2,182
1167,16925,2,158
1168,16926,1,39
1169,16928,3,55
1170,16929,6,211
1171,16930,1,40
1172,16931,1,34
1173,16932,1,285
1174,16933,1,78
1175,16934,3,124
1176,16937,14,280
1177,16938,25,357
1178,16939,23,1255
1179,16940,16,249
1180,16941,18,1063
1181,16942,22,268
1182,16943,13,133
1183,16944,2,52
1184,16945,8,85
1185,16947,13,169
1186,16948,11,140
1187,16949,4,60
1188,16950,12,233
1189,16952,7,189
1190,16953,1,89
1191,16959,3,250
1192,16961,1,58
1193,17013,1,56
1194,17021,5,224
1195,17025,4,162
1196,17046,3,133
1197,17049,1,153
1198,17052,19,1045
1199,17053,1,12
1200,17056,1,16
1201,17057,2,24
1202,17058,5,102
1203,17059,2,98
1204,17060,4,130
1205,17061,5,85
1206,17063,2,47
1207,17064,11,30
1208,17065,2,26
1209,17066,2,34
1210,17068,7,60
1211,17069,1,44
1212,17083,4,135
1213,17086,3,47
1214,17087,3,36
1215,17091,3,580
1216,17098,2,26
1217,17099,1,77
1218,17100,1,303
1219,17101,2,78
1220,17102,1,118
1221,17109,2,608
1222,17113,3,123
1223,17115,1,67
1224,17135,1,3
1225,17136,1,256
1226,17138,2,319
1227,17139,3,102
1228,17140,2,132
1229,17141,2,165
1230,17142,3,119
1231,17152,1,40
1232,17156,3,176
1233,17158,2,242
1234,17161,2,138
1235,17162,1,80
1236,17163,1,89
1237,17169,4,92
1238,17171,1,105
1239,17172,1,157
1240,17173,4,156
1241,17174,11,65
1242,17176,1,36
1243,17179,2,29
1244,17180,2,152
1245,17181,3,195
1246,17186,1,2
1247,17187,1,53
1248,17189,1,211
1249,17191,1,37
1250,17194,1,42
1251,17200,3,49
1252,17202,1,2
1253,17214,1,11
1254,17215,3,217
1255,17216,1,2
1256,17217,2,66
1257,17218,2,264
1258,17219,1,127
1259,17220,1,248
1260,17221,1,187
1261,17222,2,76
1262,17224,1,86
1263,17226,2,82
1264,17227,2,91
1265,17228,1,117
1266,17230,1,246
1267,17233,1,237
1268,17234,1,45
1269,17235,2,79
1270,17236,2,90
1271,17237,1,25
1272,17238,5,171
1273,17239,1,46
1274,17244,1,219
1275,17246,2,568
1276,17247,1,64
1277,17249,1,20
1278,17250,1,616
1279,17254,1,280
1280,17258,1,149
1281,17261,8,483
1282,17265,1,127
1283,17267,1,8
1284,17273,2,100
1285,17277,1,24
1286,17282,1,34
1287,17283,2,94
1288,17285,1,111
1289,17286,1,107
1290,17288,1,79
1291,17293,2,108
1292,17294,1,75
1293,17295,1,90
1294,17299,1,77
1295,17304,2,25
1296,17307,2,36
1297,17311,1,232
1298,17322,1,176
1299,17325,1,223
1300,17326,2,1822
1301,17328,1,168
1302,17332,1,116
1303,17339,1,298
1304,17363,1,101
1305,17375,9,615
1306,17376,1,465
1307,17377,2,124
1308,17379,2,12
1309,17382,3,279
1310,17383,4,141
1311,17384,2,652
1312,17387,2,50
1313,17389,5,155
1314,17391,5,940
1315,17392,3,114
1316,17394,3,129
1317,17396,4,240
1318,17400,6,225
1319,17403,1,35
1320,17404,2,145
1321,17408,3,77
1322,17409,4,132
1323,17422,3,137
1324,17424,2,142
1325,17429,1,2
1326,17452,1,126
1327,17453,4,188
1328,17454,4,324
1329,17455,2,187
1330,17456,3,236
1331,17457,2,205
1332,17458,2,110
1333,17461,7,370
1334,17462,1,220
1335,17477,1,42
1336,17479,2,293
1337,17481,1,76
1338,17482,3,153
1339,17483,1,199
1340,17484,1,39
1341,17485,1,45
1342,17486,1,131
1343,17487,6,131
1344,17492,2,129
1345,17493,2,88
1346,17495,2,59
1347,17511,2,621
1348,17513,1,10
1349,17517,2,26
1350,17553,1,152
1351,17580,3,66
1352,17581,2,265
1353,17582,1,25
1354,17583,3,193
1355,17585,3,95
1356,17586,1,46
1357,17588,1,77
1358,17589,6,504
1359,17590,3,280
1360,17591,2,96
1361,17592,1,19
1362,17593,2,101
1363,17594,1,197
1364,17621,2,67
1365,17628,1,14
1366,17632,4,169
1367,17646,3,155
1368,17649,2,921
1369,17667,1,230
1370,17670,4,239
1371,17671,2,123
1372,17672,3,288
1373,17673,3,184
1374,17674,4,287
1375,17676,4,314
1376,17677,3,173
1377,17681,3,63
1378,17695,1,144
1379,17703,1,71
1380,17725,1,22
1381,17729,2,185
1382,17730,1,28
1383,17732,2,104
1384,17733,3,331
1385,17742,2,86
1386,17743,1,132
1387,17744,1,3
1388,17752,2,120
1389,17754,4,171
1390,17755,5,410
1391,17762,1,3
1392,17764,3,459
1393,17769,2,261
1394,17779,6,958
1395,17784,3,227
1396,17786,1,76
1397,17788,1,12
1398,17789,1,200
1399,17797,1,3
1400,17798,2,16
1401,17800,1,50
1402,17801,2,16
1403,17803,3,526
1404,17804,4,202
1405,17806,3,60
1406,17807,2,125
1407,17808,2,115
1408,17810,1,2
1409,17811,2,196
1410,17812,5,84
1411,17813,2,260
1412,17814,1,84
1413,17815,2,44
1414,17817,1,2
1415,17818,1,69
1416,17819,2,33
1417,17820,3,59
1418,17821,8,753
1419,17822,3,89
1420,17827,8,502
1421,17830,3,91
1422,17832,2,161
1423,17834,1,28
1424,17836,4,134
1425,17837,2,63
1426,17838,3,174
1427,17840,2,161
1428,17849,2,247
1429,17850,1,21
1430,17853,1,95
1431,17867,2,38
1432,17868,1,184
1433,17869,1,79
1434,17876,1,23
1435,17905,2,8
1436,17954,1,205
1437,17966,5,312
1438,17974,1,55
1439,17975,1,31
1440,17978,7,1668
1441,17979,1,265
1442,17985,2,129
1443,17986,3,50
1444,17987,4,272
1445,17988,2,247
1446,17990,2,24
1447,17992,5,368
1448,17993,3,85
1449,17995,3,224
1450,17996,2,378
1451,17997,2,289
1452,17998,5,329
1453,18001,6,75
1454,18002,8,168
1455,18005,5,124
1456,18006,1,7
1457,18007,21,595
1458,18008,1,19
1459,18010,3,165
1460,18011,6,30
1461,18012,3,112
1462,18013,3,399
1463,18015,9,69
1464,18016,10,143
1465,18017,9,136
1466,18020,8,277
1467,18021,8,60
1468,18022,4,66
1469,18023,6,60
1470,18024,1,112
1471,18026,5,170
1472,18042,2,10
1473,18043,1,19
1474,18075,1,116
1475,18096,1,217
1476,18099,6,574
1477,18101,6,395
1478,18103,2,156
1479,18104,2,43
1480,18105,1,35
1481,18106,2,471
1482,18110,3,98
1483,18114,2,13
1484,18115,1,2
1485,18118,1,140
1486,18119,1,207
1487,18120,1,9
1488,18124,1,19
1489,18126,1,3
1490,18128,1,22
1491,18131,3,659
1492,18132,1,206
1493,18133,1,3
1494,18136,4,171
1495,18137,1,181
1496,18139,2,130
1497,18141,1,141
1498,18142,1,150
1499,18143,1,228
1500,18144,1,100
1501,18145,1,399
1502,18146,4,210
1503,18147,4,433
1504,18148,2,379
1505,18152,1,68
1506,18153,4,601
1507,18155,7,454
1508,18156,2,99
1509,18175,1,175
1510,18176,1,600
1511,18177,2,83
1512,18178,1,87
1513,18179,3,350
1514,18181,2,75
1515,18182,1,390
1516,18186,1,206
1517,18187,2,747
1518,18188,4,87
1519,18190,1,279
1520,18192,1,52
1521,18193,1,84
1522,18196,1,33
1523,18198,1,239
1524,18199,1,80
1525,18200,5,404
1526,18202,1,15
1527,18203,2,74
1528,18205,1,85
1529,18206,1,72
1530,18210,1,70
1531,18211,2,27
1532,18215,1,70
1533,18221,6,935
1534,18223,1,190
1535,18224,1,150
1536,18227,1,5
1537,18228,1,56
1538,18248,2,70
1539,18257,3,55
1540,18263,1,29
1541,18274,3,196
1542,18275,4,67
1543,18276,6,96
1544,18281,3,127
1545,18285,5,72
1546,18286,7,217
1547,18288,9,242
1548,18291,2,17
1549,18292,7,146
1550,18294,5,165
1551,18298,2,32
1552,18301,2,59
1553,18309,14,380
1554,18310,6,245
1555,18314,2,119
1556,18323,1,55
1557,18378,1,2
1558,18379,1,22
1559,18380,2,58
1560,18383,1,209
1561,18384,1,97
1562,18386,1,21
1563,18387,1,71
1564,18388,1,24
1565,18394,1,72
1566,18396,2,33
1567,18414,1,28
1568,18440,2,193
1569,18441,1,4
1570,18442,1,257
1571,18448,1,191
1572,18449,1,230
1573,18453,2,52
1574,18455,5,1275
1575,18457,3,96
1576,18481,7,255
1577,18484,9,296
1578,18490,5,40
1579,18494,2,141
1580,18502,1,127
1581,18503,2,44
1582,18518,1,43
1583,18525,1,91
1584,18526,1,274
1585,18528,2,83
1586,18529,3,332
1587,18530,2,190
1588,18533,3,179
1589,18534,14,434
1590,18535,1,53
1591,18536,2,133
1592,18537,3,230
1593,18538,2,100
1594,18539,4,382
1595,18540,1,24
1596,18541,1,15
1597,18542,1,83
1598,18543,3,299
1599,18544,1,118
1600,18546,1,44
1601,18547,4,202
1602,18548,3,199
1603,18549,1,170
1604,18551,3,183
1605,18552,2,323
1606,18553,3,196
1607,18554,1,105
1608,18555,2,180
1609,18556,1,20
1610,18557,1,2
1611,18559,1,172
1612,18561,1,234
1613,18562,3,282
1614,18579,1,356
1615,18587,1,439
1616,18597,5,395
1617,18598,3,644
1618,18600,2,147
1619,18601,6,2590
1620,18602,9,1905
1621,18603,1,500
1622,18607,2,69
1623,18611,12,489
1624,18613,4,160
1625,18619,5,1752
1626,18620,2,243
1627,18621,1,2
1628,18622,2,26
1629,18623,1,12
1630,18624,1,162
1631,18625,1,2
1632,18626,4,88
1633,18627,4,78
1634,18629,1,46
1635,18630,5,211
1636,18632,2,192
1637,18634,3,96
1638,18635,1,4
1639,18636,2,162
1640,18637,5,896
1641,18640,2,48
1642,18641,1,19
1643,18642,3,83
1644,18643,2,32
1645,18644,4,249
1646,18646,6,208
1647,18647,7,382
1648,18648,13,489
1649,18649,2,326
1650,18650,5,211
1651,18651,2,43
1652,18652,6,298
1653,18654,11,329
1654,18659,5,181
1655,18660,1,5
1656,18662,10,190
1657,18664,8,173
1658,18665,2,57
1659,18666,2,186
1660,18667,3,266
1661,18668,7,224
1662,18670,4,130
1663,18671,5,196
1664,18672,10,2649
1665,18674,1,115
1666,18677,8,480
1667,18678,4,271
1668,18679,2,252
1669,18681,2,252
1670,18682,7,934
1671,18683,2,10
1672,18684,20,463
1673,18686,4,596
1674,18687,4,559
1675,18689,5,289
1676,18690,3,202
1677,18691,5,299
1678,18692,2,131
1679,18694,22,1903
1680,18696,1,84
1681,18698,3,119
1682,18699,1,63
1683,18700,3,45
1684,18701,1,2
1685,18702,1,10
1686,18703,2,53
1687,18704,5,217
1688,18705,1,40
1689,18706,1,18
1690,18707,1,439
1691,18708,4,756
1692,18709,1,36
1693,18710,3,53
1694,18712,3,83
1695,18713,3,52
1696,18719,9,159
1697,18720,2,32
1698,18722,2,194
1699,18723,4,61
1700,18724,3,480
1701,18725,9,551
1702,18727,2,109
1703,18728,4,104
1704,18730,3,176
1705,18733,8,213
1706,18734,8,254
1707,18735,10,188
1708,18736,4,44
1709,18737,12,391
1710,18740,1,139
1711,18741,21,1518
1712,18742,8,999
1713,18743,5,70
1714,18744,3,69
1715,18745,4,51
1716,18746,4,30
1717,18747,17,361
1718,18749,2,38
1719,18750,4,171
1720,18751,2,54
1721,18754,8,1591
1722,18755,4,206
1723,18756,6,233
1724,18757,6,672
1725,18759,4,901
1726,18760,2,408
1727,18762,4,78
1728,18765,1,26
1729,18768,11,271
1730,18769,1,780
1731,18770,2,236
1732,18771,1,14
1733,18772,1,49
1734,18774,2,86
1735,18775,3,372
1736,18776,1,90
1737,18777,1,159
1738,18778,2,226
1739,18779,5,104
1740,18780,2,33
1741,18781,1,5
1742,18782,4,195
1743,18783,3,98
1744,18784,3,19
1745,18785,2,130
1746,18786,1,51
1747,18791,6,564
1748,18792,7,80
1749,18793,1,95
1750,18795,23,253
1751,18796,2,48
1752,18797,2,34
1753,18799,1,5
1754,18801,3,78
1755,18803,3,99
1756,18804,1,26
1757,18806,1,3
1758,18808,2,1357
1759,18810,1,43
1760,18811,5,66
1761,18812,4,102
1762,18813,5,392
1763,18814,10,804
1764,18816,1,20
1765,18817,2,44
1766,18818,2,125
1767,18819,3,212
1768,18820,2,148
1769,18822,8,551
1770,18824,3,235
1771,18825,5,437
1772,18826,1,734
1773,18828,2,42
1774,18829,2,73
1775,18830,2,26
1776,18832,5,392
1777,18834,5,218
1778,18838,2,29
1779,18840,3,96
1780,18841,4,216
1781,18842,4,61
1782,18877,1,33
1783,18884,1,511
1784,18888,6,246
1785,18889,2,72
1786,18890,2,259
1787,18892,4,169
1788,18894,7,234
1789,18895,2,463
1790,18896,4,463
1791,18897,9,383
1792,18898,3,140
1793,18899,3,121
1794,18900,2,105
1795,18901,7,366
1796,18903,2,52
1797,18905,5,242
1798,18907,4,1618
1799,18908,1,142
1800,18910,2,309
1801,18917,7,141
1802,18923,2,37
1803,18924,4,99
1804,18925,3,31
1805,18926,6,115
1806,18927,5,128
1807,18929,4,33
1808,18930,3,173
1809,18931,1,40
1810,18932,5,154
1811,18933,3,58
1812,18934,7,103
1813,18937,2,36
1814,18939,3,1058
1815,18943,2,450
1816,18948,2,474
1817,18967,6,120
1818,18970,6,169
1819,18977,1,64
1820,18981,1,234
1821,18984,1,24
1822,18991,1,413
1823,18997,1,5
1824,18998,1,32
1825,18999,2,20
1826,19002,1,4
1827,19003,1,9
1828,19005,5,448
1829,19012,3,928
1830,19023,1,9
1831,19024,2,18
1832,19025,1,7
1833,19026,5,31
1834,19027,3,38
1835,19029,1,2
1836,19032,1,2
1837,19033,1,92
1838,19034,1,98
1839,19036,2,41
1840,19037,8,148
1841,19038,1,2
1842,19040,2,81
1843,19043,1,160
1844,19045,1,33
1845,19061,1,18
1846,19067,9,605
1847,19071,1,327
1848,19077,1,22
1849,19080,1,21
1850,19082,1,24
1851,19088,1,62
1852,19091,4,508
1853,19094,2,308
1854,19096,2,210
1855,19098,2,146
1856,19100,3,1551
1857,19103,1,109
1858,19104,2,281
1859,19112,1,3
1860,19114,2,104
1861,19115,2,35
1862,19136,3,1291
1863,19137,1,135
1864,19140,5,255
1865,19141,4,52
1866,19143,9,284
1867,19144,1,2
1868,19145,6,163
1869,19146,8,252
1870,19147,13,646
1871,19148,7,1229
1872,19149,9,703
1873,19150,11,419
1874,19151,1,21
1875,19152,13,212
1876,19153,5,60
1877,19154,2,12
1878,19155,6,278
1879,19156,5,66
1880,19159,3,118
1881,19161,1,58
1882,19164,2,8
1883,19166,3,28
1884,19167,9,248
1885,19168,2,80
1886,19169,2,45
1887,19170,6,40
1888,19171,6,111
1889,19172,3,39
1890,19175,2,39
1891,19176,4,47
1892,19183,3,62
1893,19196,1,582
1894,19197,2,137
1895,19198,2,196
1896,19199,4,812
1897,19200,6,739
1898,19201,3,433
1899,19202,15,1042
1900,19203,1,9
1901,19204,3,773
1902,19205,4,517
1903,19206,3,372
1904,19207,14,4458
1905,19208,1,461
1906,19209,2,225
1907,19210,3,119
1908,19211,4,870
1909,19212,2,595
1910,19213,4,153
1911,19214,1,194
1912,19217,1,70
1913,19218,8,154
1914,19219,4,121
1915,19221,7,93
1916,19222,3,263
1917,19223,4,252
1918,19224,3,33
1919,19226,3,250
1920,19227,2,347
1921,19228,5,766
1922,19229,3,177
1923,19230,3,124
1924,19231,1,137
1925,19232,2,168
1926,19233,1,35
1927,19237,1,21
1928,19241,9,331
1929,19242,1,64
1930,19243,4,38
1931,19248,2,242
1932,19251,6,523
1933,19253,5,78
1934,19261,2,159
1935,19262,1,38
1936,19267,3,193
1937,19269,1,2
1938,19270,1,42
1939,19274,1,3
1940,19278,2,22
1941,19284,1,149
1942,19287,6,213
1943,19291,5,89
1944,19296,1,3
1945,19298,2,176
1946,19299,1,298
1947,19300,2,65
1948,19306,2,168
1949,19307,2,416
1950,19308,16,3832
1951,19309,2,165
1952,19313,2,14
1953,19314,1,79
1954,19316,6,491
1955,19318,2,138
1956,19320,2,98
1957,19322,2,347
1958,19323,3,217
1959,19325,2,147
1960,19326,1,417
1961,19327,1,658
1962,19328,5,864
1963,19330,2,38
1964,19331,3,250
1965,19332,3,1262
1966,19333,3,255
1967,19334,1,9
1968,19335,2,524
1969,19336,6,719
1970,19337,2,550
1971,19338,6,1199
1972,19339,1,166
1973,19340,1,66
1974,19342,1,1064
1975,19343,1,357
1976,19346,3,228
1977,19347,1,102
1978,19349,1,171
1979,19350,2,1081
1980,19352,4,191
1981,19353,3,126
1982,19354,4,155
1983,19355,1,11
1984,19356,2,177
1985,19357,1,69
1986,19358,2,19
1987,19359,3,44
1988,19360,2,212
1989,19365,1,14
1990,19366,2,203
1991,19367,1,2
1992,19368,1,10
1993,19369,1,41
1994,19371,2,26
1995,19373,1,20
1996,19374,2,51
1997,19375,2,154
1998,19376,2,96
1999,19377,1,37
2000,19378,5,173
2001,19379,1,32
2002,19380,2,255
2003,19381,1,98
2004,19384,3,1245
2005,19385,1,143
2006,19386,2,942
2007,19387,2,405
2008,19388,2,874
2009,19389,1,400
2010,19392,4,136
2011,19393,2,1189
2012,19394,3,434
2013,19395,4,1442
2014,19396,1,349
2015,19398,3,25
2016,19399,2,810
2017,19400,3,53
2018,19402,3,328
2019,19403,1,277
2020,19405,3,1300
2021,19406,3,914
2022,19407,2,286
2023,19409,5,273
2024,19411,2,595
2025,19413,6,145
2026,19415,1,262
2027,19419,4,377
2028,19420,2,122
2029,19421,1,345
2030,19425,4,231
2031,19426,2,63
2032,19427,5,365
2033,19429,2,596
2034,19431,1,259
2035,19432,8,534
2036,19434,1,86
2037,19436,2,20
2038,19439,1,209
2039,19445,1,117
2040,19446,2,142
2041,19452,1,112
2042,19453,3,45
2043,19455,4,334
2044,19457,2,64
2045,19458,3,48
2046,19463,3,97
2047,19465,1,201
2048,19468,28,748
2049,19469,10,155
2050,19470,1,104
2051,19471,5,309
2052,19472,8,512
2053,19473,3,54
2054,19474,7,179
2055,19475,5,456
2056,19476,10,245
2057,19477,6,110
2058,19478,1,12
2059,19479,11,638
2060,19480,6,121
2061,19481,1,79
2062,19483,8,159
2063,19485,1,13
2064,19490,1,56
2065,19496,2,40
2066,19497,3,307
2067,19498,1,40
2068,19499,11,546
2069,19500,2,258
2070,19502,1,56
2071,19503,2,19
2072,19504,3,129
2073,19505,1,32
2074,19506,4,73
2075,19507,3,531
2076,19508,2,140
2077,19509,1,88
2078,19510,5,773
2079,19511,2,69
2080,19512,1,71
2081,19513,7,190
2082,19514,6,183
2083,19515,4,141
2084,19516,2,84
2085,19517,1,75
2086,19518,1,50
2087,19519,2,48
2088,19520,2,112
2089,19521,1,856
2090,19524,1,30
2091,19525,2,83
2092,19526,2,108
2093,19528,1,721
2094,19530,1,2
2095,19531,2,139
2096,19532,2,349
2097,19533,2,135
2098,19534,2,59
2099,19535,2,150
2100,19538,1,280
2101,19539,2,160
2102,19542,1,185
2103,19545,1,59
2104,19547,3,261
2105,19548,3,567
2106,19549,2,187
2107,19550,2,318
2108,19551,6,599
2109,19552,1,302
2110,19554,6,334
2111,19555,2,345
2112,19556,1,18
2113,19557,3,548
2114,19559,3,557
2115,19560,8,99
2116,19561,12,1260
2117,19562,5,594
2118,19564,14,578
2119,19565,4,55
2120,19567,3,161
2121,19571,1,51
2122,19572,2,251
2123,19573,2,120
2124,19574,10,217
2125,19575,1,46
2126,19576,3,124
2127,19577,2,82
2128,19578,3,47
2129,19579,1,42
2130,19581,2,503
2131,19582,1,48
2132,19586,1,56
2133,19587,3,552
2134,19594,7,162
2135,19595,1,475
2136,19598,5,1153
2137,19608,1,16
2138,19610,2,88
2139,19614,4,344
2140,19615,2,4
2141,19616,2,330
2142,19617,2,46
2143,19618,4,253
2144,19619,1,17
2145,19620,1,24
2146,19621,3,175
2147,19622,3,780
2148,19624,6,278
2149,19625,2,220
2150,19627,2,299
2151,19628,2,646
2152,19629,2,22
2153,19631,2,303
2154,19633,1,90
2155,19646,4,1847
2156,19648,2,487
2157,19654,5,131
2158,19655,14,438
2159,19657,6,70
2160,19658,6,255
2161,19659,2,16
2162,19683,1,60
2163,19691,6,145
2164,19697,1,164
2165,19699,2,166
2166,19700,1,139
2167,19701,9,332
2168,19703,2,73
2169,19709,1,208
2170,19710,3,188
2171,19712,1,57
2172,19714,3,94
2173,19715,4,374
2174,19716,5,188
2175,19719,8,121
2176,19720,1,2
2177,19721,19,493
2178,19722,9,109
2179,19723,6,198
2180,19728,10,339
2181,19729,3,551
2182,19730,3,111
2183,19731,6,211
2184,19732,3,817
2185,19733,2,650
2186,19734,5,738
2187,19735,3,617
2188,19736,1,183
2189,19738,5,369
2190,19739,3,440
2191,19740,4,953
2192,19741,3,728
2193,19746,2,36
2194,19747,1,5
2195,19748,2,7
2196,19752,1,74
2197,19753,2,77
2198,19755,9,186
2199,19758,1,65
2200,19759,1,476
2201,19760,1,258
2202,19762,1,32
2203,19763,1,227
2204,19765,1,2
2205,19769,2,42
2206,19770,1,56
2207,19771,2,174
2208,19772,2,48
2209,19779,6,427
2210,19780,4,69
2211,19786,5,398
2212,19788,2,16
2213,19789,2,185
2214,19791,2,124
2215,19793,3,289
2216,19794,2,314
2217,19795,3,492
2218,19800,1,122
2219,20314,2,112
2220,20316,3,141
2221,20328,1,420
2222,20333,2,134
2223,20334,3,170
2224,20335,6,826
2225,20336,3,140
2226,20337,1,133
2227,20339,1,220
2228,20340,4,259
2229,20344,2,4
2230,20348,8,620
2231,20360,3,478
2232,20362,3,252
2233,20363,4,131
2234,20364,3,954
2235,20366,1,160
2236,20367,1,625
2237,20386,2,247
2238,20389,1,19
2239,20396,1,27
2240,20408,2,59
2241,20429,3,634
2242,20430,2,91
2243,20437,1,24
2244,20438,1,98
2245,20445,1,6
2246,20450,4,85
2247,20452,2,162
2248,20453,1,19
2249,20462,2,176
2250,20463,3,317
2251,20464,4,248
2252,20467,1,21
2253,20474,2,243
2254,20476,9,73
2255,20477,8,582
2256,20479,3,65
2257,20481,7,1667
2258,20482,1,20
2259,20487,3,41
2260,20498,1,158
2261,20501,1,5
2262,20503,3,110
2263,20507,1,15
2264,20508,5,424
2265,20510,6,241
2266,20512,2,474
2267,20513,7,110
2268,20516,2,188
2269,20521,1,455
2270,20522,2,450
2271,20523,1,348
2272,20524,4,157
2273,20525,1,159
2274,20526,1,442
2275,20528,8,312
2276,20529,3,152
2277,20531,3,475
2278,20532,2,332
2279,20533,7,319
2280,20534,8,273
2281,20535,5,302
2282,20536,1,348
2283,20537,2,298
2284,20538,4,1215
2285,20540,1,186
2286,20542,1,29
2287,20545,2,240
2288,20546,5,134
2289,20547,5,1057
2290,20548,1,392
2291,20550,2,67
2292,20551,2,347
2293,20552,3,297
2294,20553,6,371
2295,20554,3,125
2296,20555,3,331
2297,20556,4,121
2298,20557,6,110
2299,20558,2,253
2300,20559,3,91
2301,20560,3,471
2302,20561,1,175
2303,20563,8,515
2304,20565,4,146
2305,20566,2,378
2306,20567,5,365
2307,20568,5,752
2308,20569,1,426
2309,20571,3,810
2310,20572,2,642
2311,20575,6,393
2312,20576,3,333
2313,20577,3,1142
2314,20578,5,840
2315,20579,3,83
2316,20581,8,761
2317,20584,2,13
2318,20585,3,311
2319,20588,2,27
2320,20592,1,632
2321,20594,2,31
2322,20597,2,230
2323,20598,3,207
2324,20599,2,235
2325,20600,2,113
2326,20601,2,176
2327,20603,1,75
2328,20604,3,101
2329,20606,2,145
2330,20607,4,452
2331,20608,2,78
2332,20609,7,283
2333,20627,2,150
2334,20631,2,76
2335,20658,1,546
2336,20661,3,643
2337,20662,3,727
2338,20665,3,317
2339,20681,6,288
2340,20685,1,98
2341,20689,2,75
2342,20690,2,39
2343,20691,3,13
2344,20696,1,8
2345,20698,2,7
2346,20699,1,11
2347,20701,1,2
2348,20702,1,4
2349,20705,2,290
2350,20706,1,248
2351,20707,1,132
2352,20708,8,1957
2353,20709,1,43
2354,20710,1,126
2355,20714,1,820
2356,20716,2,23
2357,20721,3,1349
2358,20722,1,530
2359,20723,4,545
2360,20725,10,738
2361,20728,15,639
2362,20732,3,82
2363,20733,1,10
2364,20734,3,93
2365,20735,3,101
2366,20737,7,81
2367,20738,1,15
2368,20739,2,38
2369,20740,1,10
2370,20741,3,70
2371,20744,3,54
2372,20746,1,5
2373,20747,2,54
2374,20748,1,16
2375,20752,3,1462
2376,20759,2,261
2377,20761,1,113
2378,20763,1,57
2379,20766,2,77
2380,20774,2,43
2381,20779,1,54
2382,20784,3,172
2383,20791,3,84
2384,20797,2,94
2385,20798,2,29
2386,20799,1,3
2387,20801,1,44
2388,20805,8,222
2389,20810,2,31
2390,20813,2,14
2391,20814,1,12
2392,20819,3,43
2393,20820,1,2
2394,20836,1,37
2395,20837,2,521
2396,20843,1,130
2397,20845,1,19
2398,20847,4,89
2399,20853,1,6
2400,20855,2,18
2401,20867,2,48
2402,20868,1,392
2403,20869,1,95
2404,20870,2,43
2405,20872,4,73
2406,20873,1,24
2407,20874,2,20
2408,20875,6,78
2409,20876,2,29
2410,20878,4,87
2411,20880,6,99
2412,20881,3,9
2413,20892,2,15
2414,20893,7,54
2415,20894,4,40
2416,20895,3,17
2417,20899,3,53
2418,20907,1,452
2419,20920,1,2
2420,20922,1,181
2421,20923,1,24
2422,20925,2,515
2423,20926,1,2
2424,20930,3,514
2425,20934,2,24
2426,20936,2,280
2427,20939,1,101
2428,20940,1,41
2429,20941,2,142
2430,20943,1,51
2431,20962,2,108
2432,20963,1,10
2433,20977,1,25
2434,20979,6,623
2435,20980,2,138
2436,20981,2,22
2437,20982,1,27
2438,20983,1,57
2439,20984,1,311
2440,20985,2,103
2441,20989,1,85
2442,20990,2,19
2443,20991,1,28
2444,20993,1,29
2445,20997,1,5
2446,20998,3,556
2447,21001,5,81
2448,21002,4,148
2449,21008,1,34
2450,21010,1,446
2451,21012,5,399
2452,21016,1,44
2453,21018,2,99
2454,21019,2,29
2455,21022,1,395
2456,21028,1,71
2457,21030,1,61
2458,21031,1,4
2459,21032,2,53
2460,21033,4,136
2461,21034,1,308
2462,21037,2,583
2463,21044,2,31
2464,21045,1,94
2465,21046,1,45
2466,21048,1,86
2467,21049,1,427
2468,21051,1,16
2469,21052,1,25
2470,21054,1,26
2471,21055,1,350
2472,21066,2,332
2473,21068,2,23
2474,21079,2,135
2475,21100,1,60
2476,21118,1,49
2477,21132,4,384
2478,21135,9,320
2479,21136,1,148
2480,21138,1,237
2481,21139,1,173
2482,21140,2,263
2483,21143,1,135
2484,21145,2,42
2485,21146,1,18
2486,21148,1,585
2487,21149,1,145
2488,21152,1,13
2489,21153,3,92
2490,21154,1,21
2491,21155,2,30
2492,21156,3,152
2493,21157,1,182
2494,21159,2,153
2495,21161,1,262
2496,21163,1,55
2497,21166,1,12
2498,21168,1,2
2499,21171,1,38
2500,21172,1,277
2501,21173,2,404
2502,21175,1,308
2503,21178,1,185
2504,21180,2,123
2505,21182,1,137
2506,21183,1,127
2507,21185,2,130
2508,21186,1,27
2509,21211,2,70
2510,21213,3,82
2511,21214,3,248
2512,21221,1,21
2513,21222,1,5
2514,21227,5,168
2515,21230,2,49
2516,21232,2,131
2517,21234,1,3
2518,21261,7,147
2519,21265,1,34
2520,21267,2,14
2521,21268,1,23
2522,21271,2,121
2523,21273,4,68
2524,21274,3,133
2525,21284,2,477
2526,21285,5,183
2527,21286,2,219
2528,21287,3,88
2529,21288,2,95
2530,21289,1,44
2531,21290,2,208
2532,21292,2,171
2533,21293,2,186
2534,21294,3,428
2535,21323,1,141
2536,21330,1,92
2537,21344,1,9
2538,21346,2,13
2539,21348,3,138
2540,21358,2,67
2541,21363,6,225
2542,21367,2,101
2543,21368,8,215
2544,21369,1,2
2545,21371,8,158
2546,21372,8,317
2547,21373,1,169
2548,21374,4,82
2549,21375,9,261
2550,21376,3,136
2551,21377,1,38
2552,21378,2,425
2553,21379,2,169
2554,21380,9,363
2555,21382,7,188
2556,21383,4,226
2557,21385,2,316
2558,21398,5,228
2559,21430,2,288
2560,21436,2,92
2561,21438,1,33
2562,21440,1,138
2563,21441,1,100
2564,21442,3,152
2565,21444,1,181
2566,21445,2,24
2567,21447,1,26
2568,21448,1,347
2569,21449,5,183
2570,21453,1,161
2571,21458,1,97
2572,21460,5,161
2573,21462,1,12
2574,21472,2,500
2575,21473,1,20
2576,21475,1,303
2577,21477,1,25
2578,21478,1,109
2579,21479,1,122
2580,21481,1,215
2581,21482,1,319
2582,21483,1,212
2583,21484,1,45
2584,21485,2,103
2585,21486,1,167
2586,21487,1,86
2587,21488,2,4374
2588,21490,1,323
2589,21491,1,354
2590,21493,1,406
2591,21496,1,59
2592,21499,1,172
2593,21501,1,192
2594,21505,1,27
2595,21506,8,112
2596,21508,3,73
2597,21509,2,66
2598,21510,2,27
2599,21511,3,130
2600,21512,2,68
2601,21528,1,76
2602,21546,1,63
2603,21547,1,7
2604,21548,1,98
2605,21550,1,29
2606,21557,4,147
2607,21561,1,422
2608,21563,1,21
2609,21577,2,718
2610,21580,2,533
2611,21581,1,192
2612,21640,1,2
2613,21674,1,11
2614,21688,2,255
2615,21702,1,75
2616,21730,2,77
2617,21748,1,124
2618,21769,1,433
2619,21820,1,231
2620,21834,10,1025
2621,21857,1,44
2622,21858,1,57
2623,21859,3,228
2624,21861,1,19
2625,21863,1,6
2626,21873,2,61
2627,21874,2,64
2628,21875,2,7
2629,21876,2,17
2630,21877,5,305
2631,21878,4,92
2632,21879,8,116
2633,21880,3,94
2634,21881,4,53
2635,21883,1,2
2636,21884,5,295
2637,21885,3,144
2638,21886,13,162
2639,21887,6,149
2640,21889,1,16
2641,21915,1,45
2642,21918,7,246
2643,21921,3,110
2644,21923,5,154
2645,21951,1,54
2646,21957,2,68
2647,21976,2,44
2648,21978,9,156
2649,21979,3,65
2650,21980,2,97
2651,21982,4,48
2652,21996,1,102
2653,21999,1,91
2654,22055,1,69
2655,22056,2,101
2656,22057,1,27
2657,22058,1,20
2658,22061,2,92
2659,22062,3,114
2660,22063,3,79
2661,22064,1,24
2662,22065,1,139
2663,22067,3,61
2664,22068,2,5
2665,22069,1,270
2666,22070,2,67
2667,22072,3,119
2668,22073,2,71
2669,22078,1,12
2670,22081,1,45
2671,22085,1,8
2672,22086,3,247
2673,22120,1,128
2674,22168,9,448
2675,22180,6,295
2676,22194,4,593
2677,22195,3,28
2678,22200,2,116
2679,22220,3,61
2680,22227,2,10
2681,22231,1,63
2682,22258,2,4
2683,22264,1,69
2684,22271,1,18
2685,22283,1,57
2686,22284,2,85
2687,22285,2,10
2688,22305,3,237
2689,22311,1,2
2690,22312,1,43
2691,22313,1,111
2692,22315,1,183
2693,22316,20,1721
2694,22318,1,175
2695,22319,1,110
2696,22328,4,113
2697,22329,2,77
2698,22330,1,27
2699,22331,1,115
2700,22334,2,115
2701,22335,2,68
2702,22338,2,147
2703,22339,1,63
2704,22342,1,43
2705,22352,35,660
2706,22354,4,124
2707,22358,3,153
2708,22361,2,60
2709,22363,3,56
2710,22367,3,135
2711,22368,2,60
2712,22369,2,247
2713,22376,2,21
2714,22378,2,261
2715,22384,3,272
2716,22385,1,96
2717,22386,1,111
2718,22387,1,186
2719,22389,1,122
2720,22390,2,61
2721,22391,1,266
2722,22394,1,50
2723,22396,2,689
2724,22397,2,83
2725,22399,2,38
2726,22400,1,43
2727,22403,2,52
2728,22405,1,8
2729,22407,2,221
2730,22413,1,228
2731,22415,1,26
2732,22426,1,25
2733,22450,1,45
2734,22486,7,289
2735,22492,1,435
2736,22505,1,113
2737,22524,2,50
2738,22525,1,11
2739,22528,2,38
2740,22530,1,67
2741,22556,1,33
2742,22557,2,22
2743,22558,1,49
2744,22560,2,48
2745,22561,2,68
2746,22564,1,12
2747,22565,1,21
2748,22567,3,46
2749,22569,5,78
2750,22572,3,216
2751,22577,1,117
2752,22583,2,16
2753,22586,3,149
2754,22587,4,80
2755,22588,1,379
2756,22590,1,278
2757,22591,1,451
2758,22592,1,487
2759,22593,1,679
2760,22595,1,14
2761,22597,11,203
2762,22598,4,327
2763,22600,3,137
2764,22601,3,62
2765,22602,1,188
2766,22603,2,186
2767,22605,3,177
2768,22606,2,24
2769,22607,5,82
2770,22610,2,103
2771,22612,1,7
2772,22613,3,39
2773,22614,1,25
2774,22620,1,21
2775,22623,1,76
2776,22635,1,46
2777,22639,1,95
2778,22645,3,69
2779,22647,3,167
2780,22648,1,120
2781,22649,6,189
2782,22650,1,125
2783,22651,5,237
2784,22652,2,36
2785,22653,6,107
2786,22658,2,39
2787,22659,18,67
2788,22660,2,18
2789,22661,2,165
2790,22662,1,85
2791,22663,1,60
2792,22664,1,2
2793,22665,1,91
2794,22666,2,39
2795,22667,1,7
2796,22668,1,118
2797,22669,1,13
2798,22670,5,192
2799,22671,1,14
2800,22672,1,3
2801,22673,1,68
2802,22674,1,12
2803,22675,3,6
2804,22677,2,36
2805,22680,1,8
2806,22681,1,327
2807,22682,5,100
2808,22683,2,413
2809,22706,1,20
2810,22707,3,36
2811,22711,1,83
2812,22713,11,259
2813,22714,1,55
2814,22715,1,55
2815,22716,4,119
2816,22717,2,53
2817,22718,2,47
2818,22719,2,40
2819,22720,1,18
2820,22723,1,18
2821,22724,2,36
2822,22725,2,70
2823,22726,2,33
2824,22727,4,256
2825,22728,12,476
2826,22729,3,117
2827,22730,1,98
2828,22745,1,2
2829,22746,2,195
2830,22747,1,15
2831,22748,1,44
2832,22749,2,350
2833,22750,1,2
2834,22751,1,84
2835,22752,4,64
2836,22753,1,2
2837,22754,1,35
2838,22755,2,47
2839,22756,1,45
2840,22757,6,155
2841,22758,2,46
2842,22759,2,61
2843,22760,2,74
2844,22761,2,43
2845,22762,1,44
2846,22763,2,20
2847,22764,1,14
2848,22765,1,3
2849,22766,3,59
2850,22769,3,158
2851,22770,2,51
2852,22771,1,79
2853,22772,1,88
2854,22773,3,106
2855,22776,1,227
2856,22779,2,509
2857,22783,2,75
2858,22786,2,6
2859,22788,2,27
2860,22791,3,39
2861,22793,2,89
2862,22794,3,27
2863,22797,2,21
2864,22812,2,19
2865,22813,5,461
2866,22814,1,107
2867,22815,3,63
2868,22816,1,68
2869,22817,4,888
2870,22818,3,25
2871,22819,4,317
2872,22820,3,83
2873,22821,1,99
2874,22822,5,148
2875,22823,1,76
2876,22824,4,138
2877,22826,3,31
2878,22827,4,513
2879,22828,10,221
2880,22829,5,84
2881,22830,2,84
2882,22831,5,66
2883,22832,7,170
2884,22833,5,145
2885,22834,2,77
2886,22835,1,302
2887,22837,4,144
2888,22844,1,2
2889,22845,3,97
2890,22846,2,17
2891,22847,1,17
2892,22848,4,115
2893,22849,3,206
2894,22850,4,39
2895,22851,1,110
2896,22852,1,403
2897,22853,1,48
2898,22854,8,144
2899,22855,2,124
2900,22860,1,18
2901,22861,3,31
2902,22863,2,196
2903,22866,1,147
2904,22867,1,21
2905,22869,3,257
2906,22874,6,112
2907,22875,5,345
2908,22877,4,306
2909,22878,3,157
2910,22879,1,329
2911,22880,3,137
2912,22881,1,164
2913,22882,1,73
2914,22884,2,99
2915,22885,2,188
2916,22898,1,206
2917,22899,4,218
2918,22900,3,444
2919,22901,2,127
2920,22902,1,11
2921,22904,1,204
2922,22906,4,177
2923,22907,1,177
2924,22908,22,659
2925,22909,2,312
2926,22910,2,383
2927,22911,3,87
2928,22912,4,148
2929,22913,1,168
2930,22914,1,70
2931,22915,1,157
2932,22916,2,155
2933,22918,4,244
2934,22919,7,100
2935,22920,4,266
2936,22921,6,106
2937,22923,3,172
2938,22924,2,136
2939,22925,1,224
2940,22926,2,456
2941,22979,1,24
2942,22981,1,2
2943,22984,4,117
2944,22987,3,8
2945,23024,1,272
2946,23068,1,303
2947,23074,2,48
2948,23141,1,26
2949,23192,5,59
2950,23193,3,212
2951,23232,9,333
2952,23234,1,521
2953,23266,3,54
2954,23269,1,22
2955,23273,1,4
2956,23278,2,11
2957,23288,1,6
2958,23290,3,74
2959,23407,2,503
2960,23434,1,23
2961,23447,1,3
2962,23526,9,318
2963,23561,1,165
2964,23563,1,195
2965,23568,3,79
2966,23596,7,382
2967,23656,1,31
2968,23661,1,5
2969,23671,1,199
2970,23700,1,2
2971,23728,1,61
2972,23736,1,5
2973,23742,2,80
2974,23817,2,5
2975,23849,1,285
2976,23853,2,364
2977,23860,1,494
2978,23863,1,80
2979,23865,1,267
2980,23869,2,564
2981,23876,1,2
2982,23881,2,23
2983,23923,3,75
2984,23972,2,64
2985,23999,1,506
2986,24000,1,110
2987,24034,1,24
2988,24064,10,788
2989,24186,2,475
2990,24188,3,265
2991,24189,2,23
2992,24190,2,184
2993,24197,1,42
2994,24201,1,417
2995,24211,4,21
2996,24300,2,70
2997,24308,1,55
2998,24367,1,38
2999,24377,1,24
3000,24398,4,136
3001,24400,1,201
3002,24449,2,518
3003,24486,9,219
3004,24487,4,347
3005,24489,2,96
3006,24491,2,38
3007,24518,1,19
3008,24530,2,64
3009,24542,2,507
3010,24584,1,340
3011,24597,1,180
3012,24600,1,18
3013,24605,1,3
3014,24610,1,60
3015,24613,1,55
3016,24675,7,754
3017,24695,2,83
3018,24696,3,25
3019,24703,2,123
3020,24716,3,42
3021,24736,1,256
3022,24822,1,170
3023,24991,1,234
3024,25165,1,393
3025,26210,1,630
3026,27586,1,370
