,sender,talkative
0,1,0
1,5,1
2,39,1
3,41,1
4,118,1
5,157,1
6,162,1
7,167,1
8,235,1
9,324,1
10,333,1
11,387,1
12,444,1
13,448,1
14,960,0
15,962,1
16,963,1
17,967,1
18,968,1
19,969,1
20,971,1
21,972,1
22,974,1
23,975,1
24,976,1
25,977,1
26,983,1
27,984,0
28,985,1
29,986,1
30,987,1
31,988,1
32,989,1
33,992,1
34,993,1
35,994,1
36,995,1
37,996,1
38,997,1
39,998,1
40,1000,1
41,1092,1
42,1093,1
43,1094,1
44,1095,1
45,1096,1
46,1097,1
47,1098,1
48,1100,1
49,1101,1
50,1102,1
51,1103,1
52,1104,1
53,1107,1
54,1115,1
55,1139,1
56,1241,1
57,1242,1
58,1243,1
59,1244,1
60,1245,0
61,1247,1
62,1248,1
63,1249,0
64,1250,1
65,1251,1
66,1252,1
67,1253,1
68,1254,1
69,1255,1
70,1256,1
71,1257,1
72,1259,1
73,1260,1
74,1262,1
75,1263,1
76,1411,1
77,1412,1
78,1413,1
79,1414,1
80,1415,1
81,1416,1
82,1425,1
83,1439,1
84,1506,1
85,1507,0
86,1512,1
87,1566,0
88,1634,0
89,1645,0
90,1690,1
91,1693,1
92,1694,1
93,1695,1
94,1696,1
95,1698,1
96,1699,1
97,1700,1
98,1701,1
99,1702,1
100,1703,1
101,1705,1
102,1773,1
103,1871,0
104,1953,1
105,1984,1
106,1993,1
107,2006,0
108,2031,0
109,2032,1
110,2114,1
111,2121,1
112,2202,1
113,2207,0
114,2265,1
115,2336,1
116,2468,1
117,2469,1
118,2498,1
119,2501,1
120,2789,1
121,2822,1
122,3327,1
123,3636,1
124,3826,0
125,3973,1
126,3987,1
127,3989,0
128,3998,1
129,4019,1
130,4045,1
131,5292,0
132,5717,1
133,6150,1
134,6269,1
135,6527,1
136,6573,1
137,6687,1
138,6688,1
139,6689,1
140,6693,1
141,6694,1
142,6696,1
143,6699,1
144,6700,1
145,6846,0
146,6899,1
147,7215,1
148,7297,1
149,7686,1
150,8118,1
151,8215,1
152,8216,0
153,8244,1
154,8246,1
155,8248,1
156,8267,1
157,8269,0
158,8270,1
159,8272,1
160,8273,1
161,8277,1
162,8283,0
163,8286,1
164,8290,1
165,8295,1
166,8298,1
167,8300,1
168,8340,1
169,8343,1
170,8366,0
171,8370,0
172,8419,1
173,8456,1
174,8472,0
175,8747,1
176,8748,1
177,8749,1
178,8751,1
179,8766,1
180,8767,0
181,8768,1
182,8769,1
183,8770,1
184,8771,1
185,8772,1
186,8773,1
187,8774,1
188,8775,1
189,8776,1
190,8777,1
191,8778,1
192,8779,1
193,8780,1
194,9017,1
195,9057,1
196,9059,1
197,9109,1
198,9141,1
199,9171,1
200,9381,1
201,9383,1
202,9385,1
203,9386,1
204,9387,1
205,9412,0
206,9440,1
207,9441,1
208,9442,1
209,9443,1
210,9444,1
211,9445,1
212,9446,1
213,9447,1
214,9448,1
215,9449,1
216,9450,1
217,9453,1
218,9466,0
219,9468,1
220,9470,1
221,9471,1
222,9485,1
223,9489,1
224,9503,1
225,9504,1
226,9505,1
227,9508,1
228,9509,0
229,9513,0
230,9515,1
231,9516,1
232,9517,1
233,9524,1
234,9533,1
235,9536,1
236,9538,1
237,9539,1
238,9541,1
239,9562,1
240,9563,1
241,9575,1
242,9580,1
243,9583,1
244,9585,0
245,9586,1
246,9610,1
247,9624,1
248,9625,1
249,9626,1
250,9627,1
251,9628,1
252,9629,1
253,9630,1
254,9632,1
255,9633,1
256,9635,1
257,9636,1
258,9637,1
259,9639,1
260,9641,1
261,9642,1
262,9643,1
263,9645,1
264,9646,1
265,9647,1
266,9648,1
267,9712,1
268,9756,1
269,9761,1
270,9770,1
271,9786,1
272,9787,1
273,9788,1
274,9789,1
275,9790,1
276,9791,1
277,9792,1
278,9793,1
279,9794,1
280,9795,0
281,9796,1
282,9798,1
283,9799,1
284,9800,1
285,9801,1
286,9802,1
287,9804,1
288,9805,1
289,9806,1
290,9807,1
291,9808,1
292,9835,1
293,9847,1
294,9849,1
295,9850,1
296,9852,1
297,9853,0
298,9855,1
299,9857,1
300,9858,0
301,9860,1
302,9861,1
303,9863,1
304,9868,1
305,9871,0
306,9872,1
307,9875,0
308,9880,0
309,9881,1
310,9882,1
311,9884,0
312,9885,1
313,9887,1
314,9890,1
315,9892,1
316,9893,1
317,9894,0
318,9896,1
319,9897,1
320,9898,1
321,9899,1
322,9900,1
323,9901,0
324,9905,1
325,9906,1
326,9907,1
327,9908,1
328,9909,1
329,9910,0
330,9911,1
331,9912,0
332,9913,1
333,9915,1
334,9916,1
335,9918,1
336,9919,1
337,9920,1
338,9921,1
339,9922,1
340,9923,1
341,9925,1
342,9926,1
343,9931,0
344,9932,1
345,9934,1
346,9939,1
347,9944,1
348,9945,1
349,9946,0
350,9947,1
351,9948,1
352,9950,1
353,9951,1
354,9954,0
355,9956,1
356,9958,1
357,9959,1
358,9960,0
359,9961,1
360,9964,1
361,9965,1
362,9966,1
363,9968,1
364,9973,1
365,9979,0
366,9981,1
367,9983,1
368,9984,1
369,9985,1
370,9992,0
371,9995,1
372,9996,0
373,10001,1
374,10002,1
375,10003,1
376,10004,1
377,10005,1
378,10006,1
379,10007,1
380,10008,1
381,10009,1
382,10010,0
383,10011,1
384,10012,1
385,10013,1
386,10014,1
387,10016,1
388,10017,1
389,10018,1
390,10019,1
391,10020,1
392,10021,1
393,10022,1
394,10023,1
395,10024,1
396,10025,0
397,10026,1
398,10027,1
399,10030,1
400,10031,1
401,10034,1
402,10039,1
403,10047,0
404,10048,1
405,10049,0
406,10051,1
407,10052,1
408,10053,0
409,10054,1
410,10061,1
411,10065,0
412,10070,1
413,10071,1
414,10073,1
415,10075,1
416,10076,0
417,10077,1
418,10078,1
419,10081,1
420,10083,1
421,10084,1
422,10087,1
423,10088,1
424,10089,1
425,10092,1
426,10093,1
427,10096,0
428,10097,1
429,10100,1
430,10101,1
431,10102,1
432,10103,1
433,10104,1
434,10105,0
435,10107,1
436,10108,1
437,10109,0
438,10115,1
439,10116,1
440,10122,1
441,10124,0
442,10125,1
443,10134,1
444,10135,0
445,10137,1
446,10140,1
447,10145,1
448,10147,1
449,10149,1
450,10150,1
451,10151,1
452,10152,1
453,10155,0
454,10157,1
455,10214,1
456,10216,0
457,10226,0
458,10238,1
459,10239,1
460,10240,1
461,10242,1
462,10253,1
463,10255,1
464,10258,0
465,10265,1
466,10267,0
467,10268,1
468,10270,0
469,10275,1
470,10277,1
471,10293,0
472,10298,1
473,10299,1
474,10308,1
475,10311,0
476,10312,1
477,10316,0
478,10319,1
479,10322,0
480,10325,1
481,10326,1
482,10327,1
483,10328,1
484,10329,1
485,10330,1
486,10331,1
487,10333,0
488,10334,1
489,10335,1
490,10336,1
491,10339,1
492,10343,1
493,10349,0
494,10351,1
495,10352,1
496,10403,1
497,10404,1
498,10405,0
499,10407,1
500,10408,1
501,10409,1
502,10410,1
503,10411,0
504,10415,1
505,10416,0
506,10418,1
507,10420,1
508,10426,1
509,10427,1
510,10433,1
511,10434,1
512,10445,1
513,10456,0
514,10458,1
515,10459,0
516,10460,1
517,10477,1
518,10478,1
519,10479,1
520,10480,1
521,10481,1
522,10482,1
523,10483,1
524,10484,1
525,10486,1
526,10487,1
527,10488,1
528,10489,1
529,10490,1
530,10491,0
531,10492,1
532,10493,1
533,10494,1
534,10495,1
535,10496,1
536,10497,1
537,10498,0
538,10500,1
539,10501,1
540,10504,1
541,10505,1
542,10506,0
543,10514,0
544,10515,1
545,10519,1
546,10520,1
547,10531,1
548,10532,1
549,10539,1
550,10541,1
551,10544,1
552,10549,1
553,10550,1
554,10556,1
555,10560,1
556,10604,1
557,10605,1
558,10612,1
559,10620,1
560,10623,1
561,10624,1
562,10626,1
563,10627,1
564,10628,1
565,10629,1
566,10631,1
567,10632,1
568,10633,1
569,10634,1
570,10635,1
571,10638,1
572,10644,1
573,10645,1
574,10646,1
575,10648,1
576,10650,1
577,10652,1
578,10653,1
579,10654,1
580,10657,1
581,10659,1
582,10661,1
583,10662,1
584,10665,1
585,10668,1
586,10682,1
587,10684,1
588,10688,1
589,10690,1
590,10692,1
591,10693,1
592,10695,1
593,10696,1
594,10697,1
595,10698,1
596,10700,1
597,10702,1
598,10703,1
599,10705,1
600,10707,1
601,10708,1
602,10709,1
603,10710,1
604,10711,1
605,10712,1
606,10713,1
607,10714,1
608,10715,1
609,10716,1
610,10717,1
611,10718,1
612,10719,1
613,10720,1
614,10722,1
615,10723,1
616,10724,1
617,10725,1
618,10726,1
619,10727,1
620,10728,1
621,10731,1
622,10734,1
623,10735,1
624,10736,1
625,10737,1
626,10738,1
627,10739,1
628,10740,1
629,10764,1
630,10771,1
631,10772,1
632,10773,1
633,10774,1
634,10775,1
635,10776,1
636,10777,1
637,10778,1
638,10779,1
639,10780,0
640,10781,1
641,10782,1
642,10783,1
643,10785,1
644,10786,1
645,10793,1
646,10826,1
647,10829,1
648,10835,1
649,10839,0
650,10845,1
651,10846,0
652,10853,1
653,10865,1
654,10906,1
655,10911,1
656,10913,1
657,10915,1
658,10916,0
659,10918,1
660,10919,1
661,10945,1
662,10952,1
663,10954,1
664,10960,1
665,11006,1
666,11008,1
667,11009,1
668,11010,1
669,11013,0
670,11014,1
671,11017,1
672,11018,1
673,11019,1
674,11021,1
675,11022,1
676,11025,0
677,11026,1
678,11027,1
679,11028,1
680,11031,0
681,11034,1
682,11035,1
683,11036,1
684,11053,0
685,11060,1
686,11063,1
687,11065,1
688,11067,1
689,11075,1
690,11123,1
691,11124,1
692,11126,1
693,11131,1
694,11133,0
695,11138,1
696,11140,1
697,11155,1
698,11159,0
699,11160,0
700,11172,1
701,11173,1
702,11175,1
703,11179,0
704,11189,1
705,11190,1
706,11196,1
707,11199,1
708,11228,1
709,11235,1
710,11268,1
711,11269,1
712,11303,1
713,11304,1
714,11306,1
715,11307,1
716,11311,1
717,11314,1
718,11317,1
719,11319,1
720,11325,1
721,11359,1
722,11362,1
723,11367,1
724,11368,1
725,11369,1
726,11374,1
727,11375,1
728,11377,1
729,11378,1
730,11380,1
731,11382,1
732,11384,1
733,11385,1
734,11390,1
735,11391,1
736,11392,1
737,11393,1
738,11395,1
739,11397,1
740,11398,1
741,11408,1
742,11409,1
743,11410,1
744,11411,1
745,11413,1
746,11414,1
747,11417,1
748,11418,1
749,11419,1
750,11420,1
751,11424,1
752,11426,0
753,11434,1
754,11435,1
755,11438,1
756,11451,1
757,11475,1
758,11477,1
759,11479,1
760,11480,1
761,11483,0
762,11484,1
763,11485,1
764,11486,1
765,11487,1
766,11490,0
767,11491,1
768,11494,0
769,11495,1
770,11503,0
771,11539,1
772,11546,1
773,11549,1
774,11558,1
775,11561,0
776,11601,0
777,11604,1
778,11605,0
779,11607,0
780,11608,0
781,11610,1
782,11612,1
783,11726,1
784,11772,1
785,11840,1
786,11860,1
787,11964,1
788,12052,1
789,12054,1
790,12055,0
791,12057,1
792,12063,0
793,12141,1
794,12278,1
795,12279,1
796,12284,1
797,12341,1
798,12342,1
799,12343,0
800,12344,1
801,12345,1
802,12346,1
803,12384,1
804,12480,1
805,12511,1
806,12512,1
807,12688,0
808,12705,1
809,12717,1
810,12739,1
811,12815,1
812,13038,1
813,13196,1
814,13237,1
815,13241,1
816,13254,1
817,13350,1
818,13368,1
819,13422,1
820,13477,1
821,13542,1
822,13712,1
823,13750,0
824,13824,1
825,13838,0
826,13842,1
827,13866,1
828,13902,1
829,13935,1
830,13979,0
831,14001,1
832,14040,0
833,14041,1
834,14043,0
835,14066,1
836,14078,0
837,14090,1
838,14105,1
839,14141,1
840,14181,1
841,14189,1
842,14192,0
843,14199,0
844,14204,0
845,14215,1
846,14217,1
847,14264,0
848,14274,1
849,14305,1
850,14414,1
851,14418,1
852,14449,1
853,14451,1
854,14452,0
855,14454,1
856,14473,1
857,14482,1
858,14496,1
859,14497,1
860,14535,1
861,14547,1
862,14612,0
863,14680,1
864,14685,1
865,14696,1
866,14716,1
867,14750,1
868,14765,1
869,14825,1
870,14827,1
871,14855,1
872,14856,1
873,14857,0
874,14858,1
875,14860,1
876,14866,1
877,14886,1
878,14895,1
879,14907,1
880,14918,1
881,14919,1
882,14921,1
883,14924,0
884,14925,1
885,14927,1
886,14943,1
887,14945,1
888,15004,1
889,15025,1
890,15035,1
891,15067,1
892,15110,1
893,15141,1
894,15149,1
895,15157,1
896,15164,1
897,15180,1
898,15231,0
899,15232,1
900,15262,1
901,15278,1
902,15282,1
903,15303,1
904,15317,1
905,15422,1
906,15431,1
907,15441,1
908,15492,1
909,15510,1
910,15518,1
911,15522,1
912,15547,1
913,15550,1
914,15579,0
915,15580,1
916,15587,1
917,15593,1
918,15595,1
919,15600,0
920,15606,1
921,15609,1
922,15623,1
923,15628,0
924,15640,1
925,15674,0
926,15705,1
927,15713,1
928,15727,1
929,15736,1
930,15743,1
931,15783,1
932,15793,1
933,15798,1
934,15799,1
935,15801,1
936,15816,1
937,15857,1
938,15907,1
939,15913,1
940,15929,1
941,15980,1
942,16008,1
943,16023,1
944,16040,1
945,16066,0
946,16075,1
947,16076,1
948,16086,1
949,16088,0
950,16101,1
951,16108,1
952,16110,1
953,16123,1
954,16124,1
955,16136,1
956,16158,1
957,16169,1
958,16181,1
959,16182,0
960,16184,1
961,16187,1
962,16197,0
963,16216,1
964,16236,0
965,16269,1
966,16281,1
967,16284,1
968,16285,1
969,16287,1
970,16293,1
971,16294,1
972,16297,1
973,16312,1
974,16314,1
975,16315,1
976,16317,1
977,16322,1
978,16326,0
979,16328,0
980,16329,0
981,16330,0
982,16336,1
983,16337,1
984,16338,1
985,16342,1
986,16352,1
987,16354,1
988,16356,1
989,16359,1
990,16362,1
991,16364,1
992,16369,0
993,16373,1
994,16374,1
995,16376,1
996,16377,1
997,16378,1
998,16380,1
999,16381,1
1000,16382,1
1001,16383,1
1002,16384,1
1003,16385,1
1004,16386,1
1005,16387,1
1006,16388,1
1007,16389,1
1008,16390,1
1009,16391,1
1010,16392,1
1011,16393,1
1012,16403,0
1013,16409,1
1014,16410,1
1015,16413,1
1016,16415,1
1017,16418,1
1018,16420,1
1019,16421,1
1020,16434,1
1021,16441,1
1022,16442,1
1023,16443,1
1024,16444,1
1025,16445,1
1026,16446,1
1027,16447,1
1028,16448,1
1029,16450,1
1030,16451,1
1031,16452,1
1032,16453,1
1033,16454,1
1034,16456,1
1035,16460,1
1036,16464,1
1037,16465,1
1038,16466,1
1039,16467,0
1040,16468,1
1041,16469,1
1042,16470,1
1043,16471,1
1044,16472,0
1045,16474,1
1046,16475,1
1047,16476,1
1048,16477,0
1049,16478,0
1050,16479,1
1051,16480,1
1052,16481,1
1053,16500,1
1054,16501,0
1055,16503,1
1056,16504,1
1057,16505,1
1058,16506,1
1059,16507,1
1060,16508,1
1061,16509,1
1062,16510,1
1063,16512,1
1064,16513,1
1065,16514,1
1066,16515,1
1067,16516,1
1068,16517,1
1069,16518,1
1070,16521,1
1071,16522,1
1072,16523,1
1073,16531,1
1074,16532,1
1075,16533,1
1076,16534,1
1077,16535,1
1078,16536,1
1079,16537,1
1080,16538,1
1081,16540,1
1082,16541,1
1083,16542,1
1084,16544,1
1085,16545,1
1086,16546,1
1087,16547,1
1088,16548,1
1089,16550,1
1090,16551,0
1091,16552,1
1092,16555,1
1093,16556,1
1094,16557,1
1095,16558,1
1096,16559,1
1097,16560,1
1098,16561,1
1099,16562,1
1100,16563,1
1101,16564,1
1102,16565,1
1103,16566,1
1104,16567,1
1105,16570,1
1106,16571,0
1107,16572,1
1108,16573,1
1109,16576,1
1110,16589,1
1111,16602,1
1112,16603,1
1113,16604,1
1114,16605,1
1115,16606,1
1116,16607,1
1117,16609,1
1118,16610,1
1119,16611,1
1120,16612,1
1121,16613,1
1122,16614,1
1123,16615,1
1124,16616,1
1125,16617,1
1126,16618,1
1127,16619,1
1128,16620,1
1129,16621,1
1130,16623,1
1131,16627,1
1132,16628,0
1133,16629,1
1134,16630,1
1135,16631,1
1136,16632,1
1137,16638,1
1138,16639,1
1139,16640,1
1140,16641,1
1141,16642,1
1142,16643,1
1143,16644,1
1144,16645,1
1145,16646,1
1146,16648,1
1147,16649,1
1148,16650,1
1149,16651,1
1150,16652,1
1151,16653,1
1152,16654,1
1153,16655,1
1154,16656,1
1155,16663,1
1156,16722,1
1157,16785,1
1158,16798,1
1159,16822,0
1160,16912,0
1161,16914,1
1162,16916,1
1163,16918,1
1164,16921,0
1165,16922,1
1166,16923,1
1167,16925,1
1168,16926,0
1169,16928,1
1170,16929,1
1171,16930,0
1172,16931,0
1173,16932,1
1174,16933,1
1175,16934,1
1176,16937,1
1177,16938,1
1178,16939,1
1179,16940,1
1180,16941,1
1181,16942,1
1182,16943,1
1183,16944,1
1184,16945,1
1185,16947,1
1186,16948,1
1187,16949,1
1188,16950,1
1189,16952,1
1190,16953,1
1191,16959,1
1192,16961,1
1193,17013,1
1194,17021,1
1195,17025,1
1196,17046,1
1197,17049,1
1198,17052,1
1199,17053,0
1200,17056,0
1201,17057,1
1202,17058,1
1203,17059,1
1204,17060,1
1205,17061,1
1206,17063,1
1207,17064,1
1208,17065,1
1209,17066,1
1210,17068,1
1211,17069,0
1212,17083,1
1213,17086,1
1214,17087,1
1215,17091,1
1216,17098,1
1217,17099,1
1218,17100,1
1219,17101,1
1220,17102,1
1221,17109,1
1222,17113,1
1223,17115,1
1224,17135,0
1225,17136,1
1226,17138,1
1227,17139,1
1228,17140,1
1229,17141,1
1230,17142,1
1231,17152,0
1232,17156,1
1233,17158,1
1234,17161,1
1235,17162,1
1236,17163,1
1237,17169,1
1238,17171,1
1239,17172,1
1240,17173,1
1241,17174,1
1242,17176,0
1243,17179,1
1244,17180,1
1245,17181,1
1246,17186,0
1247,17187,0
1248,17189,1
1249,17191,0
1250,17194,0
1251,17200,1
1252,17202,0
1253,17214,0
1254,17215,1
1255,17216,0
1256,17217,1
1257,17218,1
1258,17219,1
1259,17220,1
1260,17221,1
1261,17222,1
1262,17224,1
1263,17226,1
1264,17227,1
1265,17228,1
1266,17230,1
1267,17233,1
1268,17234,0
1269,17235,1
1270,17236,1
1271,17237,0
1272,17238,1
1273,17239,0
1274,17244,1
1275,17246,1
1276,17247,1
1277,17249,0
1278,17250,1
1279,17254,1
1280,17258,1
1281,17261,1
1282,17265,1
1283,17267,0
1284,17273,1
1285,17277,0
1286,17282,0
1287,17283,1
1288,17285,1
1289,17286,1
1290,17288,1
1291,17293,1
1292,17294,1
1293,17295,1
1294,17299,1
1295,17304,1
1296,17307,1
1297,17311,1
1298,17322,1
1299,17325,1
1300,17326,1
1301,17328,1
1302,17332,1
1303,17339,1
1304,17363,1
1305,17375,1
1306,17376,1
1307,17377,1
1308,17379,1
1309,17382,1
1310,17383,1
1311,17384,1
1312,17387,1
1313,17389,1
1314,17391,1
1315,17392,1
1316,17394,1
1317,17396,1
1318,17400,1
1319,17403,0
1320,17404,1
1321,17408,1
1322,17409,1
1323,17422,1
1324,17424,1
1325,17429,0
1326,17452,1
1327,17453,1
1328,17454,1
1329,17455,1
1330,17456,1
1331,17457,1
1332,17458,1
1333,17461,1
1334,17462,1
1335,17477,0
1336,17479,1
1337,17481,1
1338,17482,1
1339,17483,1
1340,17484,0
1341,17485,0
1342,17486,1
1343,17487,1
1344,17492,1
1345,17493,1
1346,17495,1
1347,17511,1
1348,17513,0
1349,17517,1
1350,17553,1
1351,17580,1
1352,17581,1
1353,17582,0
1354,17583,1
1355,17585,1
1356,17586,0
1357,17588,1
1358,17589,1
1359,17590,1
1360,17591,1
1361,17592,0
1362,17593,1
1363,17594,1
1364,17621,1
1365,17628,0
1366,17632,1
1367,17646,1
1368,17649,1
1369,17667,1
1370,17670,1
1371,17671,1
1372,17672,1
1373,17673,1
1374,17674,1
1375,17676,1
1376,17677,1
1377,17681,1
1378,17695,1
1379,17703,1
1380,17725,0
1381,17729,1
1382,17730,0
1383,17732,1
1384,17733,1
1385,17742,1
1386,17743,1
1387,17744,0
1388,17752,1
1389,17754,1
1390,17755,1
1391,17762,0
1392,17764,1
1393,17769,1
1394,17779,1
1395,17784,1
1396,17786,1
1397,17788,0
1398,17789,1
1399,17797,0
1400,17798,1
1401,17800,0
1402,17801,1
1403,17803,1
1404,17804,1
1405,17806,1
1406,17807,1
1407,17808,1
1408,17810,0
1409,17811,1
1410,17812,1
1411,17813,1
1412,17814,1
1413,17815,1
1414,17817,0
1415,17818,1
1416,17819,1
1417,17820,1
1418,17821,1
1419,17822,1
1420,17827,1
1421,17830,1
1422,17832,1
1423,17834,0
1424,17836,1
1425,17837,1
1426,17838,1
1427,17840,1
1428,17849,1
1429,17850,0
1430,17853,1
1431,17867,1
1432,17868,1
1433,17869,1
1434,17876,0
1435,17905,1
1436,17954,1
1437,17966,1
1438,17974,1
1439,17975,0
1440,17978,1
1441,17979,1
1442,17985,1
1443,17986,1
1444,17987,1
1445,17988,1
1446,17990,1
1447,17992,1
1448,17993,1
1449,17995,1
1450,17996,1
1451,17997,1
1452,17998,1
1453,18001,1
1454,18002,1
1455,18005,1
1456,18006,0
1457,18007,1
1458,18008,0
1459,18010,1
1460,18011,1
1461,18012,1
1462,18013,1
1463,18015,1
1464,18016,1
1465,18017,1
1466,18020,1
1467,18021,1
1468,18022,1
1469,18023,1
1470,18024,1
1471,18026,1
1472,18042,1
1473,18043,0
1474,18075,1
1475,18096,1
1476,18099,1
1477,18101,1
1478,18103,1
1479,18104,1
1480,18105,0
1481,18106,1
1482,18110,1
1483,18114,1
1484,18115,0
1485,18118,1
1486,18119,1
1487,18120,0
1488,18124,0
1489,18126,0
1490,18128,0
1491,18131,1
1492,18132,1
1493,18133,0
1494,18136,1
1495,18137,1
1496,18139,1
1497,18141,1
1498,18142,1
1499,18143,1
1500,18144,1
1501,18145,1
1502,18146,1
1503,18147,1
1504,18148,1
1505,18152,1
1506,18153,1
1507,18155,1
1508,18156,1
1509,18175,1
1510,18176,1
1511,18177,1
1512,18178,1
1513,18179,1
1514,18181,1
1515,18182,1
1516,18186,1
1517,18187,1
1518,18188,1
1519,18190,1
1520,18192,0
1521,18193,1
1522,18196,0
1523,18198,1
1524,18199,1
1525,18200,1
1526,18202,0
1527,18203,1
1528,18205,1
1529,18206,1
1530,18210,1
1531,18211,1
1532,18215,1
1533,18221,1
1534,18223,1
1535,18224,1
1536,18227,0
1537,18228,1
1538,18248,1
1539,18257,1
1540,18263,0
1541,18274,1
1542,18275,1
1543,18276,1
1544,18281,1
1545,18285,1
1546,18286,1
1547,18288,1
1548,18291,1
1549,18292,1
1550,18294,1
1551,18298,1
1552,18301,1
1553,18309,1
1554,18310,1
1555,18314,1
1556,18323,1
1557,18378,0
1558,18379,0
1559,18380,1
1560,18383,1
1561,18384,1
1562,18386,0
1563,18387,1
1564,18388,0
1565,18394,1
1566,18396,1
1567,18414,0
1568,18440,1
1569,18441,0
1570,18442,1
1571,18448,1
1572,18449,1
1573,18453,1
1574,18455,1
1575,18457,1
1576,18481,1
1577,18484,1
1578,18490,1
1579,18494,1
1580,18502,1
1581,18503,1
1582,18518,0
1583,18525,1
1584,18526,1
1585,18528,1
1586,18529,1
1587,18530,1
1588,18533,1
1589,18534,1
1590,18535,0
1591,18536,1
1592,18537,1
1593,18538,1
1594,18539,1
1595,18540,0
1596,18541,0
1597,18542,1
1598,18543,1
1599,18544,1
1600,18546,0
1601,18547,1
1602,18548,1
1603,18549,1
1604,18551,1
1605,18552,1
1606,18553,1
1607,18554,1
1608,18555,1
1609,18556,0
1610,18557,0
1611,18559,1
1612,18561,1
1613,18562,1
1614,18579,1
1615,18587,1
1616,18597,1
1617,18598,1
1618,18600,1
1619,18601,1
1620,18602,1
1621,18603,1
1622,18607,1
1623,18611,1
1624,18613,1
1625,18619,1
1626,18620,1
1627,18621,0
1628,18622,1
1629,18623,0
1630,18624,1
1631,18625,0
1632,18626,1
1633,18627,1
1634,18629,0
1635,18630,1
1636,18632,1
1637,18634,1
1638,18635,0
1639,18636,1
1640,18637,1
1641,18640,1
1642,18641,0
1643,18642,1
1644,18643,1
1645,18644,1
1646,18646,1
1647,18647,1
1648,18648,1
1649,18649,1
1650,18650,1
1651,18651,1
1652,18652,1
1653,18654,1
1654,18659,1
1655,18660,0
1656,18662,1
1657,18664,1
1658,18665,1
1659,18666,1
1660,18667,1
1661,18668,1
1662,18670,1
1663,18671,1
1664,18672,1
1665,18674,1
1666,18677,1
1667,18678,1
1668,18679,1
1669,18681,1
1670,18682,1
1671,18683,1
1672,18684,1
1673,18686,1
1674,18687,1
1675,18689,1
1676,18690,1
1677,18691,1
1678,18692,1
1679,18694,1
1680,18696,1
1681,18698,1
1682,18699,1
1683,18700,1
1684,18701,0
1685,18702,0
1686,18703,1
1687,18704,1
1688,18705,0
1689,18706,0
1690,18707,1
1691,18708,1
1692,18709,0
1693,18710,1
1694,18712,1
1695,18713,1
1696,18719,1
1697,18720,1
1698,18722,1
1699,18723,1
1700,18724,1
1701,18725,1
1702,18727,1
1703,18728,1
1704,18730,1
1705,18733,1
1706,18734,1
1707,18735,1
1708,18736,1
1709,18737,1
1710,18740,1
1711,18741,1
1712,18742,1
1713,18743,1
1714,18744,1
1715,18745,1
1716,18746,1
1717,18747,1
1718,18749,1
1719,18750,1
1720,18751,1
1721,18754,1
1722,18755,1
1723,18756,1
1724,18757,1
1725,18759,1
1726,18760,1
1727,18762,1
1728,18765,0
1729,18768,1
1730,18769,1
1731,18770,1
1732,18771,0
1733,18772,0
1734,18774,1
1735,18775,1
1736,18776,1
1737,18777,1
1738,18778,1
1739,18779,1
1740,18780,1
1741,18781,0
1742,18782,1
1743,18783,1
1744,18784,1
1745,18785,1
1746,18786,0
1747,18791,1
1748,18792,1
1749,18793,1
1750,18795,1
1751,18796,1
1752,18797,1
1753,18799,0
1754,18801,1
1755,18803,1
1756,18804,0
1757,18806,0
1758,18808,1
1759,18810,0
1760,18811,1
1761,18812,1
1762,18813,1
1763,18814,1
1764,18816,0
1765,18817,1
1766,18818,1
1767,18819,1
1768,18820,1
1769,18822,1
1770,18824,1
1771,18825,1
1772,18826,1
1773,18828,1
1774,18829,1
1775,18830,1
1776,18832,1
1777,18834,1
1778,18838,1
1779,18840,1
1780,18841,1
1781,18842,1
1782,18877,0
1783,18884,1
1784,18888,1
1785,18889,1
1786,18890,1
1787,18892,1
1788,18894,1
1789,18895,1
1790,18896,1
1791,18897,1
1792,18898,1
1793,18899,1
1794,18900,1
1795,18901,1
1796,18903,1
1797,18905,1
1798,18907,1
1799,18908,1
1800,18910,1
1801,18917,1
1802,18923,1
1803,18924,1
1804,18925,1
1805,18926,1
1806,18927,1
1807,18929,1
1808,18930,1
1809,18931,0
1810,18932,1
1811,18933,1
1812,18934,1
1813,18937,1
1814,18939,1
1815,18943,1
1816,18948,1
1817,18967,1
1818,18970,1
1819,18977,1
1820,18981,1
1821,18984,0
1822,18991,1
1823,18997,0
1824,18998,0
1825,18999,1
1826,19002,0
1827,19003,0
1828,19005,1
1829,19012,1
1830,19023,0
1831,19024,1
1832,19025,0
1833,19026,1
1834,19027,1
1835,19029,0
1836,19032,0
1837,19033,1
1838,19034,1
1839,19036,1
1840,19037,1
1841,19038,0
1842,19040,1
1843,19043,1
1844,19045,0
1845,19061,0
1846,19067,1
1847,19071,1
1848,19077,0
1849,19080,0
1850,19082,0
1851,19088,1
1852,19091,1
1853,19094,1
1854,19096,1
1855,19098,1
1856,19100,1
1857,19103,1
1858,19104,1
1859,19112,0
1860,19114,1
1861,19115,1
1862,19136,1
1863,19137,1
1864,19140,1
1865,19141,1
1866,19143,1
1867,19144,0
1868,19145,1
1869,19146,1
1870,19147,1
1871,19148,1
1872,19149,1
1873,19150,1
1874,19151,0
1875,19152,1
1876,19153,1
1877,19154,1
1878,19155,1
1879,19156,1
1880,19159,1
1881,19161,1
1882,19164,1
1883,19166,1
1884,19167,1
1885,19168,1
1886,19169,1
1887,19170,1
1888,19171,1
1889,19172,1
1890,19175,1
1891,19176,1
1892,19183,1
1893,19196,1
1894,19197,1
1895,19198,1
1896,19199,1
1897,19200,1
1898,19201,1
1899,19202,1
1900,19203,0
1901,19204,1
1902,19205,1
1903,19206,1
1904,19207,1
1905,19208,1
1906,19209,1
1907,19210,1
1908,19211,1
1909,19212,1
1910,19213,1
1911,19214,1
1912,19217,1
1913,19218,1
1914,19219,1
1915,19221,1
1916,19222,1
1917,19223,1
1918,19224,1
1919,19226,1
1920,19227,1
1921,19228,1
1922,19229,1
1923,19230,1
1924,19231,1
1925,19232,1
1926,19233,0
1927,19237,0
1928,19241,1
1929,19242,1
1930,19243,1
1931,19248,1
1932,19251,1
1933,19253,1
1934,19261,1
1935,19262,0
1936,19267,1
1937,19269,0
1938,19270,0
1939,19274,0
1940,19278,1
1941,19284,1
1942,19287,1
1943,19291,1
1944,19296,0
1945,19298,1
1946,19299,1
1947,19300,1
1948,19306,1
1949,19307,1
1950,19308,1
1951,19309,1
1952,19313,1
1953,19314,1
1954,19316,1
1955,19318,1
1956,19320,1
1957,19322,1
1958,19323,1
1959,19325,1
1960,19326,1
1961,19327,1
1962,19328,1
1963,19330,1
1964,19331,1
1965,19332,1
1966,19333,1
1967,19334,0
1968,19335,1
1969,19336,1
1970,19337,1
1971,19338,1
1972,19339,1
1973,19340,1
1974,19342,1
1975,19343,1
1976,19346,1
1977,19347,1
1978,19349,1
1979,19350,1
1980,19352,1
1981,19353,1
1982,19354,1
1983,19355,0
1984,19356,1
1985,19357,1
1986,19358,1
1987,19359,1
1988,19360,1
1989,19365,0
1990,19366,1
1991,19367,0
1992,19368,0
1993,19369,0
1994,19371,1
1995,19373,0
1996,19374,1
1997,19375,1
1998,19376,1
1999,19377,0
2000,19378,1
2001,19379,0
2002,19380,1
2003,19381,1
2004,19384,1
2005,19385,1
2006,19386,1
2007,19387,1
2008,19388,1
2009,19389,1
2010,19392,1
2011,19393,1
2012,19394,1
2013,19395,1
2014,19396,1
2015,19398,1
2016,19399,1
2017,19400,1
2018,19402,1
2019,19403,1
2020,19405,1
2021,19406,1
2022,19407,1
2023,19409,1
2024,19411,1
2025,19413,1
2026,19415,1
2027,19419,1
2028,19420,1
2029,19421,1
2030,19425,1
2031,19426,1
2032,19427,1
2033,19429,1
2034,19431,1
2035,19432,1
2036,19434,1
2037,19436,1
2038,19439,1
2039,19445,1
2040,19446,1
2041,19452,1
2042,19453,1
2043,19455,1
2044,19457,1
2045,19458,1
2046,19463,1
2047,19465,1
2048,19468,1
2049,19469,1
2050,19470,1
2051,19471,1
2052,19472,1
2053,19473,1
2054,19474,1
2055,19475,1
2056,19476,1
2057,19477,1
2058,19478,0
2059,19479,1
2060,19480,1
2061,19481,1
2062,19483,1
2063,19485,0
2064,19490,1
2065,19496,1
2066,19497,1
2067,19498,0
2068,19499,1
2069,19500,1
2070,19502,1
2071,19503,1
2072,19504,1
2073,19505,0
2074,19506,1
2075,19507,1
2076,19508,1
2077,19509,1
2078,19510,1
2079,19511,1
2080,19512,1
2081,19513,1
2082,19514,1
2083,19515,1
2084,19516,1
2085,19517,1
2086,19518,0
2087,19519,1
2088,19520,1
2089,19521,1
2090,19524,0
2091,19525,1
2092,19526,1
2093,19528,1
2094,19530,0
2095,19531,1
2096,19532,1
2097,19533,1
2098,19534,1
2099,19535,1
2100,19538,1
2101,19539,1
2102,19542,1
2103,19545,1
2104,19547,1
2105,19548,1
2106,19549,1
2107,19550,1
2108,19551,1
2109,19552,1
2110,19554,1
2111,19555,1
2112,19556,0
2113,19557,1
2114,19559,1
2115,19560,1
2116,19561,1
2117,19562,1
2118,19564,1
2119,19565,1
2120,19567,1
2121,19571,0
2122,19572,1
2123,19573,1
2124,19574,1
2125,19575,0
2126,19576,1
2127,19577,1
2128,19578,1
2129,19579,0
2130,19581,1
2131,19582,0
2132,19586,1
2133,19587,1
2134,19594,1
2135,19595,1
2136,19598,1
2137,19608,0
2138,19610,1
2139,19614,1
2140,19615,1
2141,19616,1
2142,19617,1
2143,19618,1
2144,19619,0
2145,19620,0
2146,19621,1
2147,19622,1
2148,19624,1
2149,19625,1
2150,19627,1
2151,19628,1
2152,19629,1
2153,19631,1
2154,19633,1
2155,19646,1
2156,19648,1
2157,19654,1
2158,19655,1
2159,19657,1
2160,19658,1
2161,19659,1
2162,19683,1
2163,19691,1
2164,19697,1
2165,19699,1
2166,19700,1
2167,19701,1
2168,19703,1
2169,19709,1
2170,19710,1
2171,19712,1
2172,19714,1
2173,19715,1
2174,19716,1
2175,19719,1
2176,19720,0
2177,19721,1
2178,19722,1
2179,19723,1
2180,19728,1
2181,19729,1
2182,19730,1
2183,19731,1
2184,19732,1
2185,19733,1
2186,19734,1
2187,19735,1
2188,19736,1
2189,19738,1
2190,19739,1
2191,19740,1
2192,19741,1
2193,19746,1
2194,19747,0
2195,19748,1
2196,19752,1
2197,19753,1
2198,19755,1
2199,19758,1
2200,19759,1
2201,19760,1
2202,19762,0
2203,19763,1
2204,19765,0
2205,19769,1
2206,19770,1
2207,19771,1
2208,19772,1
2209,19779,1
2210,19780,1
2211,19786,1
2212,19788,1
2213,19789,1
2214,19791,1
2215,19793,1
2216,19794,1
2217,19795,1
2218,19800,1
2219,20314,1
2220,20316,1
2221,20328,1
2222,20333,1
2223,20334,1
2224,20335,1
2225,20336,1
2226,20337,1
2227,20339,1
2228,20340,1
2229,20344,1
2230,20348,1
2231,20360,1
2232,20362,1
2233,20363,1
2234,20364,1
2235,20366,1
2236,20367,1
2237,20386,1
2238,20389,0
2239,20396,0
2240,20408,1
2241,20429,1
2242,20430,1
2243,20437,0
2244,20438,1
2245,20445,0
2246,20450,1
2247,20452,1
2248,20453,0
2249,20462,1
2250,20463,1
2251,20464,1
2252,20467,0
2253,20474,1
2254,20476,1
2255,20477,1
2256,20479,1
2257,20481,1
2258,20482,0
2259,20487,1
2260,20498,1
2261,20501,0
2262,20503,1
2263,20507,0
2264,20508,1
2265,20510,1
2266,20512,1
2267,20513,1
2268,20516,1
2269,20521,1
2270,20522,1
2271,20523,1
2272,20524,1
2273,20525,1
2274,20526,1
2275,20528,1
2276,20529,1
2277,20531,1
2278,20532,1
2279,20533,1
2280,20534,1
2281,20535,1
2282,20536,1
2283,20537,1
2284,20538,1
2285,20540,1
2286,20542,0
2287,20545,1
2288,20546,1
2289,20547,1
2290,20548,1
2291,20550,1
2292,20551,1
2293,20552,1
2294,20553,1
2295,20554,1
2296,20555,1
2297,20556,1
2298,20557,1
2299,20558,1
2300,20559,1
2301,20560,1
2302,20561,1
2303,20563,1
2304,20565,1
2305,20566,1
2306,20567,1
2307,20568,1
2308,20569,1
2309,20571,1
2310,20572,1
2311,20575,1
2312,20576,1
2313,20577,1
2314,20578,1
2315,20579,1
2316,20581,1
2317,20584,1
2318,20585,1
2319,20588,1
2320,20592,1
2321,20594,1
2322,20597,1
2323,20598,1
2324,20599,1
2325,20600,1
2326,20601,1
2327,20603,1
2328,20604,1
2329,20606,1
2330,20607,1
2331,20608,1
2332,20609,1
2333,20627,1
2334,20631,1
2335,20658,1
2336,20661,1
2337,20662,1
2338,20665,1
2339,20681,1
2340,20685,1
2341,20689,1
2342,20690,1
2343,20691,1
2344,20696,0
2345,20698,1
2346,20699,0
2347,20701,0
2348,20702,0
2349,20705,1
2350,20706,1
2351,20707,1
2352,20708,1
2353,20709,0
2354,20710,1
2355,20714,1
2356,20716,1
2357,20721,1
2358,20722,1
2359,20723,1
2360,20725,1
2361,20728,1
2362,20732,1
2363,20733,0
2364,20734,1
2365,20735,1
2366,20737,1
2367,20738,0
2368,20739,1
2369,20740,0
2370,20741,1
2371,20744,1
2372,20746,0
2373,20747,1
2374,20748,0
2375,20752,1
2376,20759,1
2377,20761,1
2378,20763,1
2379,20766,1
2380,20774,1
2381,20779,0
2382,20784,1
2383,20791,1
2384,20797,1
2385,20798,1
2386,20799,0
2387,20801,0
2388,20805,1
2389,20810,1
2390,20813,1
2391,20814,0
2392,20819,1
2393,20820,0
2394,20836,0
2395,20837,1
2396,20843,1
2397,20845,0
2398,20847,1
2399,20853,0
2400,20855,1
2401,20867,1
2402,20868,1
2403,20869,1
2404,20870,1
2405,20872,1
2406,20873,0
2407,20874,1
2408,20875,1
2409,20876,1
2410,20878,1
2411,20880,1
2412,20881,1
2413,20892,1
2414,20893,1
2415,20894,1
2416,20895,1
2417,20899,1
2418,20907,1
2419,20920,0
2420,20922,1
2421,20923,0
2422,20925,1
2423,20926,0
2424,20930,1
2425,20934,1
2426,20936,1
2427,20939,1
2428,20940,0
2429,20941,1
2430,20943,0
2431,20962,1
2432,20963,0
2433,20977,0
2434,20979,1
2435,20980,1
2436,20981,1
2437,20982,0
2438,20983,1
2439,20984,1
2440,20985,1
2441,20989,1
2442,20990,1
2443,20991,0
2444,20993,0
2445,20997,0
2446,20998,1
2447,21001,1
2448,21002,1
2449,21008,0
2450,21010,1
2451,21012,1
2452,21016,0
2453,21018,1
2454,21019,1
2455,21022,1
2456,21028,1
2457,21030,1
2458,21031,0
2459,21032,1
2460,21033,1
2461,21034,1
2462,21037,1
2463,21044,1
2464,21045,1
2465,21046,0
2466,21048,1
2467,21049,1
2468,21051,0
2469,21052,0
2470,21054,0
2471,21055,1
2472,21066,1
2473,21068,1
2474,21079,1
2475,21100,1
2476,21118,0
2477,21132,1
2478,21135,1
2479,21136,1
2480,21138,1
2481,21139,1
2482,21140,1
2483,21143,1
2484,21145,1
2485,21146,0
2486,21148,1
2487,21149,1
2488,21152,0
2489,21153,1
2490,21154,0
2491,21155,1
2492,21156,1
2493,21157,1
2494,21159,1
2495,21161,1
2496,21163,1
2497,21166,0
2498,21168,0
2499,21171,0
2500,21172,1
2501,21173,1
2502,21175,1
2503,21178,1
2504,21180,1
2505,21182,1
2506,21183,1
2507,21185,1
2508,21186,0
2509,21211,1
2510,21213,1
2511,21214,1
2512,21221,0
2513,21222,0
2514,21227,1
2515,21230,1
2516,21232,1
2517,21234,0
2518,21261,1
2519,21265,0
2520,21267,1
2521,21268,0
2522,21271,1
2523,21273,1
2524,21274,1
2525,21284,1
2526,21285,1
2527,21286,1
2528,21287,1
2529,21288,1
2530,21289,0
2531,21290,1
2532,21292,1
2533,21293,1
2534,21294,1
2535,21323,1
2536,21330,1
2537,21344,0
2538,21346,1
2539,21348,1
2540,21358,1
2541,21363,1
2542,21367,1
2543,21368,1
2544,21369,0
2545,21371,1
2546,21372,1
2547,21373,1
2548,21374,1
2549,21375,1
2550,21376,1
2551,21377,0
2552,21378,1
2553,21379,1
2554,21380,1
2555,21382,1
2556,21383,1
2557,21385,1
2558,21398,1
2559,21430,1
2560,21436,1
2561,21438,0
2562,21440,1
2563,21441,1
2564,21442,1
2565,21444,1
2566,21445,1
2567,21447,0
2568,21448,1
2569,21449,1
2570,21453,1
2571,21458,1
2572,21460,1
2573,21462,0
2574,21472,1
2575,21473,0
2576,21475,1
2577,21477,0
2578,21478,1
2579,21479,1
2580,21481,1
2581,21482,1
2582,21483,1
2583,21484,0
2584,21485,1
2585,21486,1
2586,21487,1
2587,21488,1
2588,21490,1
2589,21491,1
2590,21493,1
2591,21496,1
2592,21499,1
2593,21501,1
2594,21505,0
2595,21506,1
2596,21508,1
2597,21509,1
2598,21510,1
2599,21511,1
2600,21512,1
2601,21528,1
2602,21546,1
2603,21547,0
2604,21548,1
2605,21550,0
2606,21557,1
2607,21561,1
2608,21563,0
2609,21577,1
2610,21580,1
2611,21581,1
2612,21640,0
2613,21674,0
2614,21688,1
2615,21702,1
2616,21730,1
2617,21748,1
2618,21769,1
2619,21820,1
2620,21834,1
2621,21857,0
2622,21858,1
2623,21859,1
2624,21861,0
2625,21863,0
2626,21873,1
2627,21874,1
2628,21875,1
2629,21876,1
2630,21877,1
2631,21878,1
2632,21879,1
2633,21880,1
2634,21881,1
2635,21883,0
2636,21884,1
2637,21885,1
2638,21886,1
2639,21887,1
2640,21889,0
2641,21915,0
2642,21918,1
2643,21921,1
2644,21923,1
2645,21951,0
2646,21957,1
2647,21976,1
2648,21978,1
2649,21979,1
2650,21980,1
2651,21982,1
2652,21996,1
2653,21999,1
2654,22055,1
2655,22056,1
2656,22057,0
2657,22058,0
2658,22061,1
2659,22062,1
2660,22063,1
2661,22064,0
2662,22065,1
2663,22067,1
2664,22068,1
2665,22069,1
2666,22070,1
2667,22072,1
2668,22073,1
2669,22078,0
2670,22081,0
2671,22085,0
2672,22086,1
2673,22120,1
2674,22168,1
2675,22180,1
2676,22194,1
2677,22195,1
2678,22200,1
2679,22220,1
2680,22227,1
2681,22231,1
2682,22258,1
2683,22264,1
2684,22271,0
2685,22283,1
2686,22284,1
2687,22285,1
2688,22305,1
2689,22311,0
2690,22312,0
2691,22313,1
2692,22315,1
2693,22316,1
2694,22318,1
2695,22319,1
2696,22328,1
2697,22329,1
2698,22330,0
2699,22331,1
2700,22334,1
2701,22335,1
2702,22338,1
2703,22339,1
2704,22342,0
2705,22352,1
2706,22354,1
2707,22358,1
2708,22361,1
2709,22363,1
2710,22367,1
2711,22368,1
2712,22369,1
2713,22376,1
2714,22378,1
2715,22384,1
2716,22385,1
2717,22386,1
2718,22387,1
2719,22389,1
2720,22390,1
2721,22391,1
2722,22394,0
2723,22396,1
2724,22397,1
2725,22399,1
2726,22400,0
2727,22403,1
2728,22405,0
2729,22407,1
2730,22413,1
2731,22415,0
2732,22426,0
2733,22450,0
2734,22486,1
2735,22492,1
2736,22505,1
2737,22524,1
2738,22525,0
2739,22528,1
2740,22530,1
2741,22556,0
2742,22557,1
2743,22558,0
2744,22560,1
2745,22561,1
2746,22564,0
2747,22565,0
2748,22567,1
2749,22569,1
2750,22572,1
2751,22577,1
2752,22583,1
2753,22586,1
2754,22587,1
2755,22588,1
2756,22590,1
2757,22591,1
2758,22592,1
2759,22593,1
2760,22595,0
2761,22597,1
2762,22598,1
2763,22600,1
2764,22601,1
2765,22602,1
2766,22603,1
2767,22605,1
2768,22606,1
2769,22607,1
2770,22610,1
2771,22612,0
2772,22613,1
2773,22614,0
2774,22620,0
2775,22623,1
2776,22635,0
2777,22639,1
2778,22645,1
2779,22647,1
2780,22648,1
2781,22649,1
2782,22650,1
2783,22651,1
2784,22652,1
2785,22653,1
2786,22658,1
2787,22659,1
2788,22660,1
2789,22661,1
2790,22662,1
2791,22663,1
2792,22664,0
2793,22665,1
2794,22666,1
2795,22667,0
2796,22668,1
2797,22669,0
2798,22670,1
2799,22671,0
2800,22672,0
2801,22673,1
2802,22674,0
2803,22675,1
2804,22677,1
2805,22680,0
2806,22681,1
2807,22682,1
2808,22683,1
2809,22706,0
2810,22707,1
2811,22711,1
2812,22713,1
2813,22714,1
2814,22715,1
2815,22716,1
2816,22717,1
2817,22718,1
2818,22719,1
2819,22720,0
2820,22723,0
2821,22724,1
2822,22725,1
2823,22726,1
2824,22727,1
2825,22728,1
2826,22729,1
2827,22730,1
2828,22745,0
2829,22746,1
2830,22747,0
2831,22748,0
2832,22749,1
2833,22750,0
2834,22751,1
2835,22752,1
2836,22753,0
2837,22754,0
2838,22755,1
2839,22756,0
2840,22757,1
2841,22758,1
2842,22759,1
2843,22760,1
2844,22761,1
2845,22762,0
2846,22763,1
2847,22764,0
2848,22765,0
2849,22766,1
2850,22769,1
2851,22770,1
2852,22771,1
2853,22772,1
2854,22773,1
2855,22776,1
2856,22779,1
2857,22783,1
2858,22786,1
2859,22788,1
2860,22791,1
2861,22793,1
2862,22794,1
2863,22797,1
2864,22812,1
2865,22813,1
2866,22814,1
2867,22815,1
2868,22816,1
2869,22817,1
2870,22818,1
2871,22819,1
2872,22820,1
2873,22821,1
2874,22822,1
2875,22823,1
2876,22824,1
2877,22826,1
2878,22827,1
2879,22828,1
2880,22829,1
2881,22830,1
2882,22831,1
2883,22832,1
2884,22833,1
2885,22834,1
2886,22835,1
2887,22837,1
2888,22844,0
2889,22845,1
2890,22846,1
2891,22847,0
2892,22848,1
2893,22849,1
2894,22850,1
2895,22851,1
2896,22852,1
2897,22853,0
2898,22854,1
2899,22855,1
2900,22860,0
2901,22861,1
2902,22863,1
2903,22866,1
2904,22867,0
2905,22869,1
2906,22874,1
2907,22875,1
2908,22877,1
2909,22878,1
2910,22879,1
2911,22880,1
2912,22881,1
2913,22882,1
2914,22884,1
2915,22885,1
2916,22898,1
2917,22899,1
2918,22900,1
2919,22901,1
2920,22902,0
2921,22904,1
2922,22906,1
2923,22907,1
2924,22908,1
2925,22909,1
2926,22910,1
2927,22911,1
2928,22912,1
2929,22913,1
2930,22914,1
2931,22915,1
2932,22916,1
2933,22918,1
2934,22919,1
2935,22920,1
2936,22921,1
2937,22923,1
2938,22924,1
2939,22925,1
2940,22926,1
2941,22979,0
2942,22981,0
2943,22984,1
2944,22987,1
2945,23024,1
2946,23068,1
2947,23074,1
2948,23141,0
2949,23192,1
2950,23193,1
2951,23232,1
2952,23234,1
2953,23266,1
2954,23269,0
2955,23273,0
2956,23278,1
2957,23288,0
2958,23290,1
2959,23407,1
2960,23434,0
2961,23447,0
2962,23526,1
2963,23561,1
2964,23563,1
2965,23568,1
2966,23596,1
2967,23656,0
2968,23661,0
2969,23671,1
2970,23700,0
2971,23728,1
2972,23736,0
2973,23742,1
2974,23817,1
2975,23849,1
2976,23853,1
2977,23860,1
2978,23863,1
2979,23865,1
2980,23869,1
2981,23876,0
2982,23881,1
2983,23923,1
2984,23972,1
2985,23999,1
2986,24000,1
2987,24034,0
2988,24064,1
2989,24186,1
2990,24188,1
2991,24189,1
2992,24190,1
2993,24197,0
2994,24201,1
2995,24211,1
2996,24300,1
2997,24308,1
2998,24367,0
2999,24377,0
3000,24398,1
3001,24400,1
3002,24449,1
3003,24486,1
3004,24487,1
3005,24489,1
3006,24491,1
3007,24518,0
3008,24530,1
3009,24542,1
3010,24584,1
3011,24597,1
3012,24600,0
3013,24605,0
3014,24610,1
3015,24613,1
3016,24675,1
3017,24695,1
3018,24696,1
3019,24703,1
3020,24716,1
3021,24736,1
3022,24822,1
3023,24991,1
3024,25165,1
3025,26210,1
3026,27586,1
